Activity,acc_rh_x_mean,acc_rh_x_median,acc_rh_x_std,acc_rh_x_iqr,acc_rh_y_mean,acc_rh_y_median,acc_rh_y_std,acc_rh_y_iqr,acc_rh_z_mean,acc_rh_z_median,acc_rh_z_std,acc_rh_z_iqr,gyro_rh_x_mean,gyro_rh_x_median,gyro_rh_x_std,gyro_rh_x_iqr,gyro_rh_y_mean,gyro_rh_y_median,gyro_rh_y_std,gyro_rh_y_iqr,gyro_rh_z_mean,gyro_rh_z_median,gyro_rh_z_std,gyro_rh_z_iqr,acc_lh_x_mean,acc_lh_x_median,acc_lh_x_std,acc_lh_x_iqr,acc_lh_y_mean,acc_lh_y_median,acc_lh_y_std,acc_lh_y_iqr,acc_lh_z_mean,acc_lh_z_median,acc_lh_z_std,acc_lh_z_iqr,gyro_lh_x_mean,gyro_lh_x_median,gyro_lh_x_std,gyro_lh_x_iqr,gyro_lh_y_mean,gyro_lh_y_median,gyro_lh_y_std,gyro_lh_y_iqr,gyro_lh_z_mean,gyro_lh_z_median,gyro_lh_z_std,gyro_lh_z_iqr,acc_leg_x_mean,acc_leg_x_median,acc_leg_x_std,acc_leg_x_iqr,acc_leg_y_mean,acc_leg_y_median,acc_leg_y_std,acc_leg_y_iqr,acc_leg_z_mean,acc_leg_z_median,acc_leg_z_std,acc_leg_z_iqr,gyro_leg_x_mean,gyro_leg_x_median,gyro_leg_x_std,gyro_leg_x_iqr,gryo_leg_y_mean,gryo_leg_y_median,gryo_leg_y_std,gryo_leg_y_iqr,gryo_leg_z_mean,gryo_leg_z_median,gryo_leg_z_std,gryo_leg_z_iqr
chicken,0.5238,0.52877,0.364,0.40293,0.22616,0.24294,0.38067,0.41775,0.12319,0.12038,0.49591,0.68572,0.29754,0.22891,0.68605,1.0,0.26874,0.23624,0.60646,0.87588,0.23836,0.2378,0.41452,0.48963,0.52466,0.50616,0.35347,0.35592,0.31607,0.34477,0.41041,0.44051,0.16699,0.20022,0.49076,0.58795,0.27721,0.18977,0.68333,0.91003,0.26382,0.3273,0.51568,0.65188,0.28201,0.2707,0.39051,0.40511,0.02515,0.0,0.41525,0.45922,0.33851,0.33713,0.3488,0.34984,0.30505,0.28286,0.40538,0.46632,0.27721,0.18977,0.68333,0.91003,0.26382,0.3273,0.51568,0.65188,0.28201,0.2707,0.39051,0.40511
chicken,0.51921,0.51656,0.37199,0.40899,0.23032,0.22897,0.39493,0.43243,0.10867,0.10694,0.48729,0.66847,0.30303,0.22468,0.70371,1.0,0.29105,0.28188,0.62437,0.88019,0.24078,0.23024,0.42121,0.49527,0.51852,0.51005,0.36964,0.40224,0.32599,0.36927,0.42869,0.4573,0.13769,0.1759,0.48977,0.61802,0.3021,0.24231,0.67321,0.83999,0.27599,0.33352,0.55515,0.69373,0.27436,0.2582,0.42876,0.45722,0.02582,0.0,0.41286,0.43473,0.34613,0.34242,0.34353,0.35982,0.31149,0.28951,0.39767,0.45468,0.3021,0.24231,0.67321,0.83999,0.27599,0.33352,0.55515,0.69373,0.27436,0.2582,0.42876,0.45722
chicken,0.50623,0.49395,0.38553,0.43059,0.23739,0.23616,0.3907,0.4247,0.09724,0.13123,0.49655,0.6778,0.26722,0.1908,0.67625,1.0,0.29747,0.30993,0.63785,0.88588,0.22856,0.22308,0.40125,0.464,0.507,0.50767,0.37409,0.41429,0.33309,0.36546,0.42857,0.47732,0.10517,0.15206,0.49701,0.59621,0.24948,0.23519,0.67297,0.91122,0.32908,0.34754,0.52586,0.64722,0.26708,0.27345,0.40804,0.43148,0.03305,0.0,0.4084,0.46126,0.35295,0.35287,0.33527,0.34294,0.32411,0.30492,0.39347,0.46271,0.24948,0.23519,0.67297,0.91122,0.32908,0.34754,0.52586,0.64722,0.26708,0.27345,0.40804,0.43148
chicken,0.4806,0.48803,0.35036,0.38388,0.22018,0.21112,0.36839,0.41319,0.07444,0.11959,0.48036,0.66305,0.29028,0.24729,0.65956,1.0,0.31014,0.41413,0.55028,0.77797,0.21233,0.21439,0.38625,0.45474,0.47379,0.46776,0.34327,0.37951,0.2888,0.31979,0.41139,0.44773,0.09303,0.13737,0.48464,0.60396,0.27494,0.26054,0.70788,0.97755,0.25723,0.22952,0.48366,0.61238,0.24115,0.26117,0.36407,0.39121,0.01383,0.0,0.37806,0.43362,0.3269,0.32868,0.31565,0.3166,0.29546,0.2738,0.36165,0.42824,0.27494,0.26054,0.70788,0.97755,0.25723,0.22952,0.48366,0.61238,0.24115,0.26117,0.36407,0.39121
chicken,0.46819,0.47263,0.33499,0.36202,0.2243,0.20768,0.38205,0.41974,0.07741,0.05192,0.4766,0.63738,0.27443,0.2953,0.65379,1.0,0.23441,0.20009,0.54963,0.78794,0.21109,0.21095,0.37297,0.41736,0.45353,0.44719,0.33618,0.36514,0.2949,0.33428,0.41238,0.42658,0.12827,0.17123,0.47899,0.62251,0.22765,0.16825,0.69371,0.91074,0.26744,0.28593,0.45654,0.54887,0.24115,0.2346,0.37534,0.37556,0.0242,0.0,0.37073,0.43982,0.32333,0.32624,0.3208,0.31724,0.29111,0.27477,0.35166,0.41848,0.22765,0.16825,0.69371,0.91074,0.26744,0.28593,0.45654,0.54887,0.24115,0.2346,0.37534,0.37556
chicken,0.50341,0.50906,0.3747,0.41176,0.22578,0.20337,0.40938,0.4646,0.10349,0.07391,0.51524,0.67691,0.32387,0.43419,0.68365,0.92537,0.2794,0.22141,0.63993,0.99777,0.2186,0.20193,0.38627,0.42988,0.49167,0.48735,0.37414,0.41448,0.30812,0.35629,0.46001,0.50874,0.1395,0.18485,0.52707,0.72224,0.26927,0.18693,0.75099,1.0,0.29022,0.36188,0.50807,0.60188,0.26874,0.24854,0.42666,0.4413,0.02069,0.0,0.39929,0.4587,0.34674,0.35182,0.34991,0.34408,0.30945,0.30314,0.3729,0.4243,0.26927,0.18693,0.75099,1.0,0.29022,0.36188,0.50807,0.60188,0.26874,0.24854,0.42666,0.4413
chicken,0.45645,0.44568,0.35628,0.3969,0.19535,0.19303,0.37511,0.42114,0.07275,0.01882,0.47589,0.6357,0.3251,0.44192,0.63005,0.83257,0.27069,0.20342,0.59909,0.94105,0.20803,0.17436,0.38194,0.43883,0.45201,0.45171,0.35126,0.42167,0.28696,0.31092,0.41854,0.45223,0.11957,0.14786,0.48934,0.66852,0.26143,0.16924,0.71526,1.0,0.24245,0.30445,0.50233,0.6692,0.23023,0.24196,0.39657,0.41414,0.01059,0.0,0.38015,0.4249,0.32242,0.33005,0.34941,0.32809,0.28748,0.2912,0.34504,0.39637,0.26143,0.16924,0.71526,1.0,0.24245,0.30445,0.50233,0.6692,0.23023,0.24196,0.39657,0.41414
chicken,0.49561,0.4882,0.39701,0.42395,0.21735,0.21831,0.41971,0.44475,0.07703,0.02976,0.54054,0.72943,0.28794,0.29069,0.67121,0.87545,0.25648,0.11939,0.67596,1.0,0.24208,0.23506,0.4364,0.49751,0.48929,0.47535,0.40172,0.45887,0.35109,0.37592,0.4343,0.46538,0.09943,0.09588,0.50578,0.60007,0.24538,0.11787,0.73665,0.96567,0.31079,0.32062,0.55254,0.65866,0.2507,0.2403,0.43045,0.4499,0.02143,0.0,0.43482,0.4822,0.36695,0.36696,0.40223,0.37812,0.32932,0.31673,0.39484,0.45438,0.24538,0.11787,0.73665,0.96567,0.31079,0.32062,0.55254,0.65866,0.2507,0.2403,0.43045,0.4499
chicken,0.44193,0.44484,0.36038,0.39832,0.19892,0.19832,0.39041,0.42915,0.06575,0.0,0.48675,0.67085,0.28492,0.22464,0.63408,0.71408,0.27329,0.18041,0.63379,1.0,0.2148,0.19663,0.40517,0.47161,0.44474,0.45325,0.36298,0.40482,0.32126,0.35471,0.4083,0.43741,0.07613,0.07666,0.44655,0.49587,0.30348,0.24055,0.67119,0.89135,0.27594,0.24744,0.49377,0.56611,0.25001,0.22754,0.42703,0.4495,0.01817,0.00888,0.41385,0.45593,0.33084,0.32731,0.35417,0.36044,0.29122,0.27039,0.37289,0.43971,0.30348,0.24055,0.67119,0.89135,0.27594,0.24744,0.49377,0.56611,0.25001,0.22754,0.42703,0.4495
chicken,0.44697,0.42887,0.38211,0.42973,0.24433,0.26738,0.42839,0.52028,0.04646,0.0,0.46961,0.59324,0.29246,0.21257,0.71628,0.86654,0.27444,0.14623,0.64122,1.0,0.22294,0.20447,0.43836,0.51974,0.4494,0.45114,0.37645,0.43035,0.34636,0.37701,0.42386,0.47987,0.09301,0.10013,0.4801,0.58686,0.29462,0.32453,0.68804,0.79958,0.29482,0.2652,0.55573,0.70233,0.26605,0.2448,0.45249,0.54761,0.03929,0.02383,0.44411,0.48626,0.3548,0.34976,0.39171,0.39368,0.31833,0.29884,0.39696,0.46259,0.29462,0.32453,0.68804,0.79958,0.29482,0.2652,0.55573,0.70233,0.26605,0.2448,0.45249,0.54761
chicken,0.46726,0.45861,0.3905,0.4581,0.23078,0.25743,0.44523,0.53056,0.05074,0.00067,0.47036,0.61175,0.27422,0.18741,0.74704,1.0,0.2942,0.13182,0.66672,0.94954,0.21414,0.18657,0.45414,0.54626,0.46039,0.45122,0.39791,0.46558,0.34647,0.36809,0.43491,0.49437,0.06975,0.10143,0.50851,0.67817,0.25192,0.28833,0.69284,0.82107,0.32494,0.36457,0.59559,0.80848,0.27173,0.25726,0.4276,0.49286,0.03425,0.0,0.44998,0.50856,0.36847,0.36608,0.40313,0.389,0.33281,0.31066,0.40707,0.48959,0.25192,0.28833,0.69284,0.82107,0.32494,0.36457,0.59559,0.80848,0.27173,0.25726,0.4276,0.49286
chicken,0.45659,0.4657,0.38208,0.42321,0.17233,0.19599,0.43738,0.55126,0.06691,0.01058,0.47533,0.66126,0.31995,0.1807,0.7329,0.98363,0.32531,0.20707,0.67008,1.0,0.20192,0.18944,0.44647,0.55974,0.47026,0.49996,0.39168,0.46377,0.33311,0.34226,0.41228,0.46108,0.07216,0.09354,0.50668,0.66538,0.28234,0.14997,0.66733,0.84331,0.2765,0.32597,0.53526,0.7302,0.2723,0.25611,0.386,0.42665,0.00917,0.0,0.41602,0.46402,0.34356,0.34209,0.36404,0.36628,0.30688,0.28869,0.38302,0.44395,0.28234,0.14997,0.66733,0.84331,0.2765,0.32597,0.53526,0.7302,0.2723,0.25611,0.386,0.42665
chicken,0.46427,0.47492,0.40689,0.46504,0.19309,0.23577,0.464,0.54619,0.07795,0.0,0.52349,0.72015,0.31202,0.21973,0.73458,0.96268,0.2908,0.15183,0.69134,1.0,0.23149,0.23222,0.46262,0.57237,0.49066,0.51275,0.41967,0.47568,0.38087,0.3952,0.43832,0.48759,0.11574,0.10235,0.52234,0.66821,0.29104,0.16821,0.67695,0.72386,0.27422,0.29471,0.52812,0.72792,0.26722,0.24692,0.41558,0.43219,0.02267,0.01588,0.42287,0.43937,0.35982,0.3491,0.37513,0.3838,0.32589,0.31059,0.39626,0.44224,0.29104,0.16821,0.67695,0.72386,0.27422,0.29471,0.52812,0.72792,0.26722,0.24692,0.41558,0.43219
chicken,0.44307,0.45321,0.36196,0.38694,0.16096,0.19419,0.42471,0.46942,0.06023,0.0,0.47725,0.63901,0.29656,0.29144,0.64019,0.81579,0.28795,0.21399,0.64166,1.0,0.22322,0.20457,0.41408,0.49561,0.45182,0.47557,0.38997,0.45201,0.3491,0.3665,0.41298,0.48179,0.07234,0.05286,0.48996,0.60308,0.27977,0.19323,0.6601,0.83967,0.29255,0.32721,0.52631,0.68556,0.24094,0.20377,0.41984,0.48251,0.02285,0.00048,0.37772,0.40874,0.33793,0.33935,0.33718,0.34438,0.31654,0.31028,0.36163,0.42239,0.27977,0.19323,0.6601,0.83967,0.29255,0.32721,0.52631,0.68556,0.24094,0.20377,0.41984,0.48251
chicken,0.45801,0.4689,0.37033,0.40973,0.17859,0.19574,0.44577,0.51713,0.05288,0.00888,0.48394,0.63793,0.30914,0.31128,0.68563,0.86014,0.31622,0.28942,0.64731,1.0,0.23553,0.18835,0.43569,0.51072,0.46558,0.47284,0.39366,0.45402,0.34385,0.37045,0.42822,0.46421,0.07615,0.07988,0.53185,0.65363,0.3121,0.21448,0.687,0.91569,0.29659,0.31687,0.54857,0.75857,0.28401,0.32295,0.42563,0.4707,0.01962,0.0,0.3944,0.4048,0.35061,0.35714,0.34954,0.35853,0.32804,0.32312,0.37079,0.41548,0.3121,0.21448,0.687,0.91569,0.29659,0.31687,0.54857,0.75857,0.28401,0.32295,0.42563,0.4707
chicken,0.5049,0.49895,0.43007,0.46558,0.31068,0.34791,0.50106,0.53328,0.042,0.0,0.55062,0.7111,0.34383,0.24008,0.75838,0.84545,0.31904,0.15824,0.68092,1.0,0.29928,0.27538,0.51285,0.55216,0.52099,0.51985,0.43965,0.4921,0.39212,0.40376,0.47479,0.49298,0.12471,0.16473,0.58908,0.68862,0.34035,0.29909,0.66897,0.69696,0.31639,0.27345,0.60177,0.74236,0.34231,0.34633,0.44828,0.47146,0.05703,0.03021,0.47625,0.49745,0.40588,0.4013,0.4163,0.41992,0.37849,0.35458,0.4437,0.48455,0.34035,0.29909,0.66897,0.69696,0.31639,0.27345,0.60177,0.74236,0.34231,0.34633,0.44828,0.47146
chicken,0.56496,0.55502,0.47106,0.50655,0.39092,0.42439,0.51672,0.51374,0.03315,0.0,0.57496,0.74732,0.36139,0.31662,0.73785,0.80416,0.36749,0.20215,0.72161,1.0,0.31766,0.29613,0.53699,0.53936,0.56427,0.55994,0.46203,0.51276,0.40734,0.42085,0.48548,0.52024,0.06605,0.11999,0.58554,0.70535,0.3455,0.34814,0.63536,0.70289,0.39668,0.33553,0.6474,0.75805,0.36091,0.36725,0.47988,0.46114,0.06456,0.01734,0.55522,0.63994,0.44192,0.43877,0.47284,0.46212,0.41743,0.39937,0.51391,0.63757,0.3455,0.34814,0.63536,0.70289,0.39668,0.33553,0.6474,0.75805,0.36091,0.36725,0.47988,0.46114
chicken,0.59115,0.57924,0.476,0.48598,0.40396,0.42755,0.51668,0.51008,0.05039,0.0,0.55907,0.70152,0.43133,0.41456,0.7037,0.65155,0.40015,0.2184,0.74407,1.0,0.36619,0.37541,0.52027,0.59203,0.58119,0.57314,0.47861,0.51372,0.41182,0.42223,0.5006,0.53114,0.09873,0.17295,0.59982,0.72051,0.33463,0.28864,0.70109,0.7937,0.39811,0.35081,0.70779,0.83069,0.39511,0.39823,0.49407,0.50703,0.06937,0.03935,0.56902,0.63955,0.45685,0.46158,0.47562,0.47378,0.42277,0.39115,0.52968,0.63738,0.33463,0.28864,0.70109,0.7937,0.39811,0.35081,0.70779,0.83069,0.39511,0.39823,0.49407,0.50703
chicken,0.5707,0.55785,0.43257,0.45879,0.33864,0.35781,0.49899,0.51578,0.0444,0.0,0.5233,0.65376,0.41112,0.33391,0.7043,0.66437,0.39706,0.22452,0.71751,1.0,0.33259,0.3689,0.51519,0.61561,0.55731,0.56129,0.45709,0.50497,0.39001,0.3974,0.45471,0.48996,0.07772,0.1245,0.57731,0.67173,0.32571,0.25225,0.72189,0.9039,0.37041,0.30273,0.68542,0.87196,0.36295,0.36986,0.47928,0.54255,0.05505,0.03251,0.53884,0.60222,0.42982,0.43584,0.43786,0.4389,0.40247,0.37311,0.49355,0.58539,0.32571,0.25225,0.72189,0.9039,0.37041,0.30273,0.68542,0.87196,0.36295,0.36986,0.47928,0.54255
chicken,0.54847,0.54967,0.391,0.41921,0.21244,0.21299,0.46945,0.52426,0.04735,0.02706,0.47943,0.58204,0.30363,0.22091,0.69029,0.75416,0.35738,0.26266,0.64599,0.91119,0.25589,0.19811,0.48508,0.59799,0.5302,0.52029,0.4001,0.44927,0.36646,0.37688,0.41616,0.46154,0.01295,0.02976,0.52756,0.64776,0.27964,0.2012,0.69479,1.0,0.3424,0.27947,0.60622,0.76624,0.29689,0.31929,0.43198,0.49314,0.01865,0.0,0.51508,0.64718,0.38636,0.39138,0.39875,0.40964,0.36547,0.35562,0.45852,0.5861,0.27964,0.2012,0.69479,1.0,0.3424,0.27947,0.60622,0.76624,0.29689,0.31929,0.43198,0.49314
chicken,0.58423,0.58029,0.46632,0.50281,0.29877,0.29946,0.53466,0.62133,0.03717,0.0,0.5515,0.67659,0.36058,0.28963,0.74717,0.8124,0.31629,0.24235,0.73844,1.0,0.31147,0.25627,0.53356,0.60096,0.59541,0.58131,0.44621,0.50588,0.44701,0.45666,0.48268,0.53669,0.10066,0.13632,0.58838,0.73493,0.33003,0.33303,0.69578,0.92764,0.31011,0.21697,0.72468,0.9521,0.35483,0.37069,0.47222,0.5285,0.03259,0.00614,0.55597,0.65295,0.43421,0.43353,0.45333,0.47846,0.39455,0.35984,0.51029,0.59779,0.33003,0.33303,0.69578,0.92764,0.31011,0.21697,0.72468,0.9521,0.35483,0.37069,0.47222,0.5285
chicken,0.48913,0.46862,0.41138,0.4248,0.29606,0.32465,0.45976,0.50871,0.04029,0.0,0.49255,0.6169,0.36178,0.32922,0.67755,0.74987,0.32461,0.20183,0.70646,1.0,0.27552,0.22179,0.46747,0.52445,0.49777,0.49602,0.40713,0.4358,0.40601,0.41465,0.43569,0.48376,0.09517,0.14059,0.51029,0.5829,0.32462,0.3952,0.5966,0.8134,0.31079,0.28591,0.64686,0.83734,0.31848,0.32769,0.42386,0.48097,0.04938,0.02538,0.4897,0.5642,0.38562,0.38911,0.41152,0.41973,0.35394,0.33192,0.45087,0.5225,0.32462,0.3952,0.5966,0.8134,0.31079,0.28591,0.64686,0.83734,0.31848,0.32769,0.42386,0.48097
chicken,0.52375,0.51631,0.4286,0.44824,0.28133,0.31156,0.51057,0.5794,0.08622,0.0,0.53477,0.68693,0.36517,0.31067,0.75724,0.86617,0.34925,0.19497,0.73142,1.0,0.2778,0.25931,0.52416,0.61193,0.52199,0.52679,0.44586,0.4725,0.44176,0.42797,0.4662,0.51346,0.10672,0.12957,0.54424,0.63352,0.34471,0.32525,0.66209,0.80752,0.37287,0.37874,0.6787,0.86919,0.34499,0.36488,0.45092,0.48796,0.05223,0.04106,0.53156,0.60855,0.41446,0.41927,0.43979,0.45206,0.38073,0.3583,0.4803,0.53346,0.34471,0.32525,0.66209,0.80752,0.37287,0.37874,0.6787,0.86919,0.34499,0.36488,0.45092,0.48796
chicken,0.61204,0.6098,0.48931,0.5278,0.3401,0.39133,0.60137,0.64402,0.09962,0.0,0.64125,0.81225,0.3948,0.30336,0.86672,1.0,0.37613,0.26205,0.76484,0.90381,0.33833,0.36543,0.64474,0.74884,0.63074,0.64577,0.51461,0.54804,0.48894,0.49039,0.52974,0.5652,0.12483,0.09886,0.61684,0.69304,0.41694,0.36892,0.74327,0.83095,0.4322,0.50231,0.74664,0.92426,0.39883,0.43346,0.52935,0.5577,0.06826,0.04809,0.60507,0.62861,0.47711,0.47518,0.50176,0.51886,0.44628,0.41476,0.54481,0.58843,0.41694,0.36892,0.74327,0.83095,0.4322,0.50231,0.74664,0.92426,0.39883,0.43346,0.52935,0.5577
chicken,0.63381,0.62745,0.50376,0.5438,0.38058,0.41302,0.57892,0.62735,0.07581,0.0,0.65081,0.84199,0.41675,0.30496,0.80665,1.0,0.4069,0.31623,0.73075,0.95067,0.37989,0.38319,0.62352,0.66051,0.6349,0.63454,0.5053,0.52806,0.43945,0.44118,0.52084,0.56258,0.09259,0.12808,0.60423,0.70703,0.44426,0.41051,0.68372,0.76898,0.40561,0.41406,0.7299,0.98748,0.42917,0.4466,0.54889,0.60909,0.09559,0.03838,0.60567,0.69962,0.48871,0.49082,0.4881,0.49259,0.47624,0.43805,0.55786,0.66729,0.44426,0.41051,0.68372,0.76898,0.40561,0.41406,0.7299,0.98748,0.42917,0.4466,0.54889,0.60909
chicken,0.56534,0.56731,0.45195,0.48347,0.34844,0.36646,0.51682,0.58702,0.06075,0.0,0.56347,0.72354,0.37717,0.33614,0.71173,0.87541,0.39876,0.28707,0.72946,1.0,0.31777,0.30336,0.51167,0.56665,0.54885,0.54969,0.44212,0.45505,0.38433,0.39053,0.47318,0.53832,0.06848,0.13131,0.56632,0.71729,0.33905,0.3064,0.60417,0.65182,0.37675,0.36779,0.68229,0.9657,0.38288,0.37897,0.49252,0.55282,0.06021,0.02861,0.51684,0.5585,0.43604,0.43278,0.43755,0.43325,0.41469,0.38958,0.48884,0.57158,0.33905,0.3064,0.60417,0.65182,0.37675,0.36779,0.68229,0.9657,0.38288,0.37897,0.49252,0.55282
chicken,0.51604,0.50784,0.40771,0.427,0.34061,0.35573,0.47481,0.53741,0.04664,0.0,0.52374,0.65347,0.37689,0.34033,0.65683,0.79159,0.35853,0.23355,0.71198,1.0,0.29356,0.2803,0.46785,0.53546,0.52697,0.51917,0.42435,0.46047,0.38542,0.39805,0.44702,0.49473,0.07936,0.09084,0.53369,0.63789,0.26062,0.26702,0.58863,0.68924,0.38264,0.37592,0.63859,0.89535,0.34615,0.36972,0.46972,0.48632,0.05069,0.02178,0.47096,0.52023,0.40675,0.40106,0.40871,0.40062,0.37931,0.35998,0.44588,0.52678,0.26062,0.26702,0.58863,0.68924,0.38264,0.37592,0.63859,0.89535,0.34615,0.36972,0.46972,0.48632
chicken,0.5545,0.54006,0.4305,0.44639,0.34601,0.36761,0.48355,0.54826,0.04743,0.0,0.57247,0.73502,0.37541,0.34243,0.66346,0.72606,0.35641,0.18943,0.74545,1.0,0.30638,0.28291,0.50865,0.56324,0.57856,0.58413,0.43763,0.4689,0.41908,0.41892,0.45487,0.49428,0.09187,0.07898,0.53406,0.626,0.29643,0.32125,0.61093,0.71471,0.36551,0.3472,0.62108,0.75496,0.36762,0.38554,0.47492,0.45498,0.05675,0.01164,0.51159,0.59987,0.42502,0.42293,0.41426,0.41291,0.40185,0.38287,0.47931,0.57545,0.29643,0.32125,0.61093,0.71471,0.36551,0.3472,0.62108,0.75496,0.36762,0.38554,0.47492,0.45498
chicken,0.55751,0.55043,0.44191,0.45702,0.32867,0.3636,0.49476,0.58193,0.07314,0.0,0.55734,0.6984,0.41755,0.37347,0.70413,0.74273,0.37922,0.22093,0.72725,1.0,0.32525,0.29917,0.55044,0.67803,0.58483,0.58597,0.4278,0.45083,0.42543,0.41726,0.46152,0.4843,0.14026,0.17373,0.54141,0.66879,0.37347,0.33848,0.61674,0.7212,0.33438,0.30115,0.62364,0.70379,0.37211,0.36037,0.46361,0.49273,0.06496,0.04828,0.52296,0.56533,0.42189,0.41726,0.42331,0.42543,0.39244,0.36253,0.48256,0.56201,0.37347,0.33848,0.61674,0.7212,0.33438,0.30115,0.62364,0.70379,0.37211,0.36037,0.46361,0.49273
chicken,0.58327,0.58336,0.4627,0.51362,0.3473,0.37602,0.52293,0.59938,0.0704,0.0,0.56132,0.64245,0.41601,0.40637,0.74603,0.77533,0.35575,0.16926,0.73807,0.99661,0.34051,0.33852,0.56813,0.68853,0.60576,0.61747,0.47127,0.49072,0.4514,0.44049,0.50632,0.56752,0.15262,0.1964,0.57877,0.69108,0.38264,0.35718,0.67591,0.82546,0.39642,0.38432,0.73504,1.0,0.38449,0.36453,0.50399,0.54773,0.06948,0.05447,0.57932,0.62756,0.44507,0.44595,0.45521,0.46565,0.41098,0.37904,0.52335,0.59335,0.38264,0.35718,0.67591,0.82546,0.39642,0.38432,0.73504,1.0,0.38449,0.36453,0.50399,0.54773
chicken,0.56392,0.58065,0.4216,0.47292,0.25201,0.26703,0.47956,0.53943,0.04757,0.00179,0.56632,0.75438,0.37747,0.40104,0.71287,0.87664,0.37481,0.24094,0.70779,1.0,0.28962,0.30366,0.54121,0.61898,0.58067,0.59896,0.44065,0.49423,0.42226,0.42314,0.46344,0.53196,0.08158,0.08941,0.55422,0.64476,0.32433,0.27818,0.63312,0.82387,0.37963,0.38491,0.69731,0.88441,0.32367,0.33015,0.45099,0.51802,0.02813,0.0,0.55292,0.68927,0.40927,0.4098,0.4155,0.42951,0.38506,0.34886,0.49307,0.58791,0.32433,0.27818,0.63312,0.82387,0.37963,0.38491,0.69731,0.88441,0.32367,0.33015,0.45099,0.51802
chicken,0.6185,0.62097,0.45519,0.48464,0.25882,0.27585,0.52928,0.61292,0.07289,0.03136,0.63268,0.88591,0.42352,0.48517,0.79737,1.0,0.40118,0.28792,0.71794,0.93083,0.32911,0.36419,0.60082,0.69322,0.66349,0.67288,0.45319,0.46345,0.48558,0.4911,0.48256,0.53888,0.12842,0.11992,0.60456,0.73136,0.37971,0.30508,0.72829,0.92574,0.3764,0.38983,0.69153,0.78972,0.35997,0.36907,0.4584,0.50551,0.03284,0.0,0.56726,0.68443,0.44354,0.43919,0.45458,0.46176,0.42331,0.3947,0.51686,0.63093,0.37971,0.30508,0.72829,0.92574,0.3764,0.38983,0.69153,0.78972,0.35997,0.36907,0.4584,0.50551
chicken,0.58443,0.5731,0.43325,0.45604,0.24448,0.25529,0.51266,0.60587,0.0664,0.02924,0.5858,0.79411,0.34705,0.39181,0.78715,0.96532,0.35569,0.26316,0.65602,0.77072,0.30067,0.31639,0.54853,0.56745,0.6429,0.64993,0.42045,0.4512,0.4646,0.46642,0.46195,0.50323,0.13341,0.15285,0.58093,0.69823,0.32741,0.2809,0.73095,1.0,0.37059,0.33837,0.57425,0.64993,0.34139,0.34805,0.43662,0.44989,0.02215,0.0,0.51661,0.56574,0.41334,0.41157,0.43435,0.4394,0.39209,0.36419,0.48066,0.56473,0.32741,0.2809,0.73095,1.0,0.37059,0.33837,0.57425,0.64993,0.34139,0.34805,0.43662,0.44989
chicken,0.637,0.60779,0.48257,0.5238,0.27536,0.28133,0.56343,0.67451,0.07838,0.0,0.6313,0.8521,0.42404,0.40095,0.86395,1.0,0.39969,0.2917,0.7214,0.98564,0.33454,0.33877,0.5957,0.6296,0.70611,0.73,0.47811,0.53503,0.50293,0.5007,0.50037,0.53741,0.18481,0.24765,0.65102,0.73626,0.37186,0.3351,0.76903,0.9946,0.37444,0.36101,0.54149,0.54529,0.36895,0.3962,0.51113,0.57994,0.04321,0.01986,0.57241,0.66134,0.45879,0.46508,0.47239,0.46076,0.44069,0.4206,0.53868,0.64029,0.37186,0.3351,0.76903,0.9946,0.37444,0.36101,0.54149,0.54529,0.36895,0.3962,0.51113,0.57994
chicken,0.57962,0.57157,0.43248,0.49332,0.23632,0.26903,0.49642,0.59742,0.08091,0.00775,0.55516,0.7453,0.41237,0.37556,0.75846,0.92834,0.37788,0.25528,0.66151,0.93076,0.2975,0.28898,0.50266,0.58241,0.62623,0.63451,0.43187,0.47463,0.42881,0.43424,0.44832,0.47163,0.14654,0.19698,0.58886,0.73242,0.3566,0.27232,0.73475,1.0,0.3344,0.31629,0.49885,0.57118,0.32231,0.32946,0.47698,0.58871,0.03268,0.0,0.50916,0.57244,0.4111,0.41236,0.42216,0.39783,0.39618,0.39047,0.47861,0.54803,0.3566,0.27232,0.73475,1.0,0.3344,0.31629,0.49885,0.57118,0.32231,0.32946,0.47698,0.58871
chicken,0.6508,0.65883,0.48874,0.56078,0.27572,0.32057,0.53683,0.63262,0.07735,0.01122,0.59607,0.73023,0.43873,0.4815,0.80353,0.95135,0.39062,0.2647,0.72984,0.99924,0.3205,0.29943,0.5427,0.61363,0.69677,0.69723,0.48464,0.49337,0.48245,0.49272,0.50922,0.52519,0.17711,0.16848,0.63905,0.78697,0.37115,0.26793,0.81153,1.0,0.38024,0.37342,0.56961,0.69388,0.36833,0.34883,0.54065,0.67522,0.03638,0.0,0.54395,0.57664,0.46034,0.46144,0.46926,0.47773,0.43296,0.43167,0.52441,0.60803,0.37115,0.26793,0.81153,1.0,0.38024,0.37342,0.56961,0.69388,0.36833,0.34883,0.54065,0.67522
chicken,0.68778,0.71189,0.49238,0.53156,0.2687,0.2844,0.54763,0.62504,0.07591,0.01777,0.60173,0.69997,0.47423,0.55147,0.77072,0.83204,0.44189,0.28012,0.74078,0.95478,0.36952,0.36067,0.55531,0.64372,0.72106,0.72449,0.49778,0.52121,0.49532,0.51052,0.51211,0.54607,0.15481,0.11092,0.6378,0.75138,0.4046,0.3861,0.7832,1.0,0.38433,0.39262,0.61862,0.68253,0.37594,0.35775,0.54253,0.63202,0.03245,0.0,0.56642,0.54899,0.46807,0.46372,0.47472,0.49331,0.43709,0.41444,0.54478,0.63798,0.4046,0.3861,0.7832,1.0,0.38433,0.39262,0.61862,0.68253,0.37594,0.35775,0.54253,0.63202
chicken,0.64939,0.66653,0.44555,0.45792,0.24797,0.23223,0.52109,0.63552,0.10996,0.02932,0.61112,0.77958,0.39796,0.48872,0.81391,1.0,0.40721,0.26914,0.75323,0.96098,0.33585,0.32567,0.53485,0.59924,0.66364,0.66421,0.46492,0.48281,0.45726,0.46003,0.46565,0.50485,0.10673,0.08564,0.57256,0.59587,0.3629,0.31259,0.72467,0.97416,0.38933,0.40709,0.58458,0.65324,0.35576,0.34908,0.51907,0.60736,0.03553,0.0,0.55154,0.59935,0.4466,0.44379,0.44175,0.46298,0.4224,0.41109,0.50471,0.5792,0.3629,0.31259,0.72467,0.97416,0.38933,0.40709,0.58458,0.65324,0.35576,0.34908,0.51907,0.60736
chicken,0.55798,0.56795,0.41548,0.45778,0.27436,0.28935,0.45534,0.51631,0.06771,0.0,0.57809,0.74326,0.32222,0.38172,0.75858,0.9886,0.32191,0.15156,0.73567,1.0,0.27014,0.26334,0.48335,0.54156,0.58624,0.59642,0.41314,0.42375,0.41744,0.42281,0.43167,0.46258,0.12147,0.08426,0.50836,0.54571,0.30915,0.24015,0.63116,0.73101,0.33893,0.38775,0.54901,0.58633,0.33995,0.33007,0.46283,0.52271,0.03038,0.00151,0.488,0.54138,0.41248,0.41301,0.39985,0.41894,0.38289,0.37436,0.44745,0.51979,0.30915,0.24015,0.63116,0.73101,0.33893,0.38775,0.54901,0.58633,0.33995,0.33007,0.46283,0.52271
chicken,0.51071,0.50307,0.41058,0.42662,0.3128,0.32009,0.43686,0.48762,0.05576,0.0,0.51718,0.66952,0.31617,0.30032,0.67384,0.79034,0.31249,0.14625,0.68481,1.0,0.27318,0.25494,0.45407,0.51812,0.53898,0.54978,0.38771,0.41325,0.40336,0.40668,0.42924,0.47972,0.13062,0.11866,0.49261,0.57886,0.33093,0.33106,0.61065,0.67658,0.30928,0.35616,0.54636,0.63861,0.32539,0.32508,0.40472,0.43651,0.05714,0.02742,0.4575,0.49817,0.38799,0.39987,0.39921,0.40078,0.36264,0.34835,0.43351,0.47848,0.33093,0.33106,0.61065,0.67658,0.30928,0.35616,0.54636,0.63861,0.32539,0.32508,0.40472,0.43651
chicken,0.47755,0.47194,0.38166,0.42309,0.26878,0.3002,0.42084,0.4907,0.04086,0.06508,0.47726,0.64182,0.29426,0.25676,0.65866,0.7107,0.30333,0.21467,0.65846,1.0,0.23805,0.24104,0.41834,0.48115,0.47967,0.49003,0.37058,0.41185,0.35885,0.36105,0.40377,0.44735,0.0579,0.06744,0.46452,0.5764,0.2569,0.30291,0.55891,0.67546,0.31234,0.32759,0.47591,0.55536,0.28177,0.29074,0.38863,0.42816,0.03702,0.0,0.43553,0.51479,0.35218,0.36765,0.37253,0.37035,0.33857,0.32404,0.41098,0.50347,0.2569,0.30291,0.55891,0.67546,0.31234,0.32759,0.47591,0.55536,0.28177,0.29074,0.38863,0.42816
chicken,0.46425,0.46883,0.37554,0.41161,0.2451,0.24055,0.41556,0.47545,0.05105,0.0,0.47533,0.62092,0.35674,0.32759,0.63157,0.73505,0.31863,0.23019,0.66431,1.0,0.26998,0.27148,0.41231,0.45002,0.47109,0.47952,0.38958,0.43823,0.37087,0.35868,0.40991,0.4454,0.09132,0.09501,0.46621,0.52208,0.27591,0.26813,0.53442,0.67504,0.29902,0.30671,0.50493,0.56201,0.30078,0.29189,0.40465,0.46214,0.04166,0.01754,0.448,0.4937,0.35385,0.3531,0.36563,0.38044,0.3341,0.31373,0.41056,0.49434,0.27591,0.26813,0.53442,0.67504,0.29902,0.30671,0.50493,0.56201,0.30078,0.29189,0.40465,0.46214
chicken,0.57433,0.58956,0.45458,0.49855,0.30211,0.31399,0.506,0.54279,0.08338,0.0,0.5806,0.75921,0.37207,0.34905,0.72313,0.89718,0.36028,0.15634,0.77225,1.0,0.31956,0.30537,0.51923,0.565,0.60158,0.63436,0.47172,0.51636,0.49104,0.49883,0.49035,0.55029,0.13641,0.11079,0.55851,0.59115,0.37449,0.3213,0.66106,0.8341,0.38453,0.43359,0.65593,0.78217,0.36469,0.35149,0.47934,0.5246,0.06619,0.0418,0.56214,0.63849,0.43622,0.42497,0.44768,0.46771,0.41452,0.3946,0.50688,0.57391,0.37449,0.3213,0.66106,0.8341,0.38453,0.43359,0.65593,0.78217,0.36469,0.35149,0.47934,0.5246
chicken,0.59487,0.60718,0.47115,0.53531,0.30786,0.31685,0.50784,0.55217,0.06732,0.0,0.60977,0.83253,0.35774,0.27819,0.73535,0.8609,0.3749,0.1503,0.77288,1.0,0.29513,0.28231,0.55171,0.59916,0.63762,0.66105,0.46209,0.48083,0.47464,0.47723,0.5027,0.56009,0.11485,0.07731,0.56674,0.58888,0.38581,0.3518,0.72302,0.85175,0.38152,0.45112,0.68891,0.86491,0.34021,0.35324,0.51058,0.57849,0.04176,0.02652,0.57058,0.70227,0.4372,0.43611,0.45427,0.47877,0.41175,0.39622,0.51717,0.61602,0.38581,0.3518,0.72302,0.85175,0.38152,0.45112,0.68891,0.86491,0.34021,0.35324,0.51058,0.57849
chicken,0.62891,0.60836,0.51122,0.56918,0.33954,0.35194,0.53209,0.60783,0.06435,0.0,0.64035,0.85063,0.48275,0.3289,0.82805,0.96177,0.42908,0.26144,0.77464,1.0,0.34723,0.32157,0.60421,0.66597,0.66336,0.66995,0.48326,0.51912,0.48685,0.47952,0.52098,0.53106,0.14892,0.13596,0.59837,0.64502,0.40717,0.43741,0.74781,0.85818,0.38206,0.36032,0.71508,0.87326,0.38661,0.40767,0.56702,0.66911,0.07014,0.04734,0.59488,0.73175,0.46434,0.46591,0.49852,0.4945,0.4442,0.43741,0.54455,0.65047,0.40717,0.43741,0.74781,0.85818,0.38206,0.36032,0.71508,0.87326,0.38661,0.40767,0.56702,0.66911
chicken,0.64699,0.63235,0.51258,0.5584,0.34277,0.37038,0.54076,0.63624,0.08676,0.0,0.63126,0.8333,0.41545,0.30252,0.82925,0.76943,0.42915,0.35966,0.72796,1.0,0.34344,0.31366,0.60206,0.65504,0.65365,0.64034,0.47169,0.48519,0.49501,0.49622,0.49851,0.53582,0.10034,0.14643,0.59707,0.74023,0.39539,0.4334,0.71723,0.86103,0.4187,0.35483,0.69126,0.92185,0.40999,0.39034,0.53623,0.60977,0.06139,0.03592,0.58745,0.67679,0.46492,0.4645,0.49495,0.48025,0.44965,0.4479,0.54327,0.64863,0.39539,0.4334,0.71723,0.86103,0.4187,0.35483,0.69126,0.92185,0.40999,0.39034,0.53623,0.60977
chicken,0.66876,0.64025,0.51885,0.57625,0.34042,0.37751,0.56865,0.66085,0.11172,0.0,0.62572,0.82091,0.43341,0.367,0.81112,0.93106,0.43833,0.37562,0.71981,1.0,0.37127,0.34913,0.58562,0.67683,0.68025,0.66842,0.49009,0.51624,0.50878,0.50384,0.52144,0.567,0.13024,0.18875,0.63492,0.81461,0.40274,0.43153,0.74195,0.9485,0.44249,0.44666,0.69201,0.89532,0.39887,0.39559,0.54851,0.59002,0.06103,0.03994,0.60514,0.66894,0.4822,0.47357,0.53376,0.4886,0.45746,0.45423,0.55657,0.62648,0.40274,0.43153,0.74195,0.9485,0.44249,0.44666,0.69201,0.89532,0.39887,0.39559,0.54851,0.59002
chicken,0.67399,0.67335,0.48905,0.55978,0.28578,0.30278,0.56965,0.68632,0.104,0.02485,0.59708,0.74474,0.38867,0.40654,0.84968,0.97864,0.41216,0.33766,0.67145,0.88349,0.34998,0.32174,0.53625,0.62398,0.67909,0.67837,0.50055,0.55117,0.50694,0.51161,0.5099,0.55095,0.11745,0.11619,0.63623,0.78169,0.35462,0.3418,0.74365,1.0,0.42276,0.42659,0.67159,0.85275,0.38434,0.37602,0.55066,0.61995,0.03037,0.0,0.61057,0.68589,0.46762,0.47281,0.53327,0.47869,0.43118,0.43597,0.55509,0.65787,0.35462,0.3418,0.74365,1.0,0.42276,0.42659,0.67159,0.85275,0.38434,0.37602,0.55066,0.61995
chicken,0.64607,0.64336,0.47092,0.5228,0.30567,0.31505,0.54754,0.64705,0.08808,0.02569,0.61585,0.77793,0.38972,0.37675,0.84281,1.0,0.37414,0.28662,0.71939,0.90776,0.33009,0.34179,0.503,0.54817,0.66212,0.65831,0.48689,0.5328,0.49989,0.51827,0.49632,0.53048,0.13491,0.1253,0.61733,0.7276,0.35232,0.32516,0.74036,0.96557,0.38548,0.34348,0.64931,0.87607,0.36582,0.35443,0.51736,0.57492,0.04363,0.0,0.58484,0.66084,0.45778,0.46309,0.4969,0.46773,0.42276,0.42519,0.54894,0.64283,0.35232,0.32516,0.74036,0.96557,0.38548,0.34348,0.64931,0.87607,0.36582,0.35443,0.51736,0.57492
chicken,0.49686,0.50942,0.36132,0.39097,0.24042,0.23594,0.42259,0.48822,0.07822,0.0,0.51031,0.70223,0.32471,0.31118,0.66145,0.89405,0.31188,0.20881,0.65335,1.0,0.24683,0.23968,0.38771,0.42192,0.50484,0.51235,0.37808,0.40299,0.39268,0.40218,0.40471,0.42956,0.10256,0.1001,0.47132,0.55663,0.28064,0.25317,0.59101,0.77787,0.30869,0.31817,0.47263,0.55062,0.27763,0.29347,0.37836,0.43086,0.04566,0.0052,0.42968,0.50057,0.36163,0.3648,0.37386,0.354,0.34278,0.32678,0.40909,0.45068,0.28064,0.25317,0.59101,0.77787,0.30869,0.31817,0.47263,0.55062,0.27763,0.29347,0.37836,0.43086
chicken,0.44516,0.45676,0.36628,0.41226,0.22949,0.22846,0.42366,0.48504,0.06427,0.0,0.4859,0.64711,0.30988,0.30092,0.64245,0.86544,0.29388,0.19931,0.64864,1.0,0.23559,0.21942,0.43106,0.41655,0.46695,0.46205,0.36238,0.39263,0.37381,0.38024,0.38706,0.43019,0.08791,0.0829,0.4489,0.50779,0.30403,0.34533,0.57516,0.78074,0.27421,0.30419,0.4555,0.5201,0.28875,0.28736,0.36199,0.40377,0.02336,0.00655,0.40104,0.43868,0.34161,0.34471,0.34151,0.3504,0.31504,0.30544,0.37169,0.39871,0.30403,0.34533,0.57516,0.78074,0.27421,0.30419,0.4555,0.5201,0.28875,0.28736,0.36199,0.40377
chicken,0.45601,0.4447,0.3897,0.43586,0.25349,0.29492,0.46575,0.52736,0.04515,0.0,0.47905,0.56596,0.37201,0.34584,0.68032,0.80708,0.32975,0.21673,0.66855,1.0,0.24865,0.22996,0.49401,0.60192,0.48643,0.47495,0.37987,0.41337,0.40144,0.40056,0.39724,0.43148,0.09685,0.12068,0.48779,0.57315,0.31902,0.31179,0.59931,0.75037,0.31723,0.29972,0.56936,0.6778,0.31557,0.31493,0.41385,0.47595,0.04432,0.02182,0.44622,0.54116,0.36346,0.36551,0.36847,0.37552,0.34429,0.32452,0.41428,0.47247,0.31902,0.31179,0.59931,0.75037,0.31723,0.29972,0.56936,0.6778,0.31557,0.31493,0.41385,0.47595
chicken,0.54712,0.5306,0.44091,0.48993,0.29321,0.32368,0.51001,0.56265,0.06067,0.0,0.5247,0.60697,0.41575,0.39228,0.77973,0.94621,0.36763,0.18986,0.7309,1.0,0.29808,0.30325,0.5249,0.64624,0.56287,0.54222,0.45084,0.50586,0.48984,0.4695,0.4815,0.51542,0.12529,0.14881,0.55088,0.60397,0.33711,0.34617,0.65964,0.7839,0.36504,0.36997,0.6766,0.87621,0.36132,0.37166,0.47266,0.53706,0.06071,0.0313,0.534,0.62675,0.4153,0.41271,0.41724,0.42845,0.39881,0.36398,0.49552,0.57548,0.33711,0.34617,0.65964,0.7839,0.36504,0.36997,0.6766,0.87621,0.36132,0.37166,0.47266,0.53706
chicken,0.54323,0.55585,0.44245,0.49558,0.30029,0.31002,0.48193,0.54026,0.07366,0.0,0.54095,0.65898,0.38182,0.33628,0.71344,0.79393,0.36038,0.19404,0.75484,1.0,0.29993,0.30528,0.51241,0.54263,0.5642,0.56971,0.45031,0.49758,0.48692,0.46157,0.49345,0.5667,0.12752,0.10832,0.5233,0.55074,0.32902,0.33282,0.64273,0.72372,0.3651,0.42582,0.66658,0.79694,0.34705,0.34704,0.45315,0.4633,0.05303,0.0321,0.53769,0.60883,0.40651,0.40613,0.42873,0.41853,0.39015,0.37075,0.49384,0.57983,0.32902,0.33282,0.64273,0.72372,0.3651,0.42582,0.66658,0.79694,0.34705,0.34704,0.45315,0.4633
chicken,0.50948,0.50924,0.41987,0.46722,0.31189,0.35306,0.46026,0.45602,0.05067,0.0,0.52238,0.63335,0.31064,0.22974,0.6324,0.63157,0.31286,0.13131,0.72562,0.8734,0.28095,0.30686,0.51009,0.54886,0.54161,0.55295,0.42102,0.45798,0.45206,0.44403,0.47429,0.5454,0.10557,0.09755,0.48427,0.51031,0.36807,0.34222,0.66473,0.73579,0.30716,0.42146,0.70366,1.0,0.36177,0.36567,0.48317,0.4785,0.0562,0.02559,0.50732,0.62251,0.39269,0.38895,0.4042,0.39783,0.38041,0.36318,0.46515,0.55624,0.36807,0.34222,0.66473,0.73579,0.30716,0.42146,0.70366,1.0,0.36177,0.36567,0.48317,0.4785
chicken,0.54424,0.53564,0.44486,0.46155,0.35209,0.39027,0.50546,0.51983,0.03683,0.0,0.53907,0.62105,0.41188,0.34425,0.74725,0.83134,0.37036,0.23087,0.71628,0.94135,0.33561,0.35136,0.52002,0.53031,0.57271,0.56614,0.45347,0.48148,0.46473,0.4638,0.5222,0.59981,0.1306,0.17325,0.52503,0.54135,0.37974,0.40935,0.75553,0.97371,0.30369,0.24303,0.75291,1.0,0.4068,0.39813,0.52965,0.57727,0.06901,0.03386,0.52625,0.63012,0.42858,0.42189,0.41364,0.42732,0.40822,0.38148,0.48696,0.57774,0.37974,0.40935,0.75553,0.97371,0.30369,0.24303,0.75291,1.0,0.4068,0.39813,0.52965,0.57727
chicken,0.59027,0.58781,0.45737,0.51096,0.34321,0.37262,0.53906,0.62831,0.03658,0.0,0.59485,0.72022,0.43276,0.42954,0.84711,0.85326,0.37475,0.23803,0.759,1.0,0.31165,0.3126,0.52146,0.58843,0.61869,0.6227,0.47483,0.51625,0.49073,0.49019,0.52215,0.57535,0.12118,0.15287,0.56386,0.59497,0.29398,0.35725,0.71829,0.86291,0.39493,0.36972,0.69042,0.77038,0.37973,0.3585,0.49626,0.4933,0.04389,0.00166,0.54764,0.66466,0.44663,0.44615,0.44942,0.44875,0.42513,0.399,0.5029,0.60183,0.29398,0.35725,0.71829,0.86291,0.39493,0.36972,0.69042,0.77038,0.37973,0.3585,0.49626,0.4933
chicken,0.56549,0.56271,0.41669,0.41841,0.27226,0.27373,0.47561,0.55995,0.07598,0.02192,0.57008,0.78984,0.34354,0.2886,0.73246,0.86971,0.36656,0.23999,0.71956,1.0,0.27713,0.27812,0.48943,0.54889,0.59019,0.60236,0.4171,0.42632,0.46192,0.46531,0.43202,0.44863,0.11252,0.13172,0.51445,0.59293,0.32968,0.37266,0.56294,0.63696,0.33996,0.30175,0.50474,0.55099,0.35166,0.33549,0.42022,0.47246,0.04253,0.0,0.50657,0.61256,0.40878,0.40774,0.41051,0.41632,0.39232,0.36942,0.46684,0.56748,0.32968,0.37266,0.56294,0.63696,0.33996,0.30175,0.50474,0.55099,0.35166,0.33549,0.42022,0.47246
chicken,0.57642,0.57135,0.4024,0.42297,0.24049,0.2586,0.45168,0.53945,0.08779,0.11157,0.55303,0.7731,0.33767,0.23393,0.68496,0.86376,0.38638,0.32566,0.72317,1.0,0.27326,0.26862,0.47015,0.56133,0.58004,0.58002,0.41751,0.44224,0.44013,0.44937,0.42676,0.42673,0.09848,0.11061,0.51993,0.64168,0.31198,0.31043,0.58339,0.70623,0.36232,0.33587,0.48812,0.58589,0.33893,0.33683,0.42039,0.46344,0.02667,0.0,0.50684,0.61123,0.39136,0.38578,0.39303,0.41266,0.37317,0.34493,0.46844,0.57587,0.31198,0.31043,0.58339,0.70623,0.36232,0.33587,0.48812,0.58589,0.33893,0.33683,0.42039,0.46344
chicken,0.60546,0.60451,0.43958,0.48129,0.29216,0.31905,0.50164,0.60169,0.07956,0.00241,0.5814,0.80758,0.39818,0.42205,0.76032,1.0,0.31319,0.20217,0.74084,0.84088,0.29691,0.31362,0.51898,0.60762,0.64068,0.64917,0.45645,0.52112,0.48505,0.48682,0.4694,0.50774,0.16441,0.13498,0.56068,0.67723,0.31108,0.27721,0.6388,0.80547,0.38609,0.38423,0.56109,0.65037,0.34819,0.35023,0.44116,0.47194,0.02778,0.0,0.53769,0.62201,0.42253,0.41863,0.42724,0.43321,0.39761,0.37115,0.49479,0.57906,0.31108,0.27721,0.6388,0.80547,0.38609,0.38423,0.56109,0.65037,0.34819,0.35023,0.44116,0.47194
chicken,0.62304,0.62379,0.4507,0.4761,0.27118,0.28614,0.5247,0.64432,0.10038,0.03066,0.59374,0.82647,0.44161,0.48372,0.78245,1.0,0.38148,0.27432,0.70741,0.93768,0.31268,0.33263,0.55761,0.65364,0.66337,0.67148,0.45916,0.47841,0.47893,0.48252,0.48423,0.53642,0.17365,0.22783,0.58889,0.73239,0.37747,0.35107,0.68679,0.86454,0.34822,0.3669,0.54681,0.59754,0.3631,0.36048,0.44069,0.48162,0.0424,0.0,0.53333,0.59192,0.43774,0.43262,0.43246,0.43332,0.41857,0.41118,0.49778,0.55335,0.37747,0.35107,0.68679,0.86454,0.34822,0.3669,0.54681,0.59754,0.3631,0.36048,0.44069,0.48162
chicken,0.61749,0.6209,0.42699,0.45155,0.25538,0.25486,0.48751,0.58288,0.11404,0.0942,0.57466,0.78695,0.33902,0.24748,0.75703,1.0,0.36181,0.38539,0.68564,0.91498,0.28404,0.29917,0.51877,0.6172,0.60975,0.61032,0.44961,0.48259,0.43649,0.44526,0.46551,0.49596,0.09857,0.14829,0.56772,0.72019,0.35725,0.30476,0.67046,0.84313,0.35837,0.36823,0.50597,0.55843,0.34415,0.34248,0.41306,0.42052,0.04684,0.0,0.54063,0.65183,0.42122,0.41792,0.4307,0.42591,0.40776,0.39397,0.49428,0.58996,0.35725,0.30476,0.67046,0.84313,0.35837,0.36823,0.50597,0.55843,0.34415,0.34248,0.41306,0.42052
chicken,0.64617,0.65564,0.46449,0.50123,0.30676,0.34831,0.51694,0.61754,0.09066,0.0,0.61455,0.83406,0.3534,0.32184,0.81513,1.0,0.31012,0.17543,0.75997,0.98698,0.29314,0.31011,0.5282,0.63056,0.63586,0.64796,0.47233,0.49013,0.46928,0.47743,0.50042,0.55149,0.10678,0.13467,0.58975,0.64049,0.32633,0.2877,0.64866,0.70057,0.38206,0.39718,0.59748,0.70153,0.36424,0.36965,0.45104,0.47796,0.03714,0.00064,0.59027,0.7377,0.44562,0.45267,0.49355,0.46185,0.42051,0.40423,0.53248,0.63579,0.32633,0.2877,0.64866,0.70057,0.38206,0.39718,0.59748,0.70153,0.36424,0.36965,0.45104,0.47796
chicken,0.6488,0.65729,0.4665,0.50211,0.29524,0.32577,0.53263,0.60214,0.08716,0.0,0.61522,0.80487,0.46263,0.45332,0.80945,1.0,0.40584,0.31591,0.76357,0.97042,0.30652,0.32741,0.52641,0.59772,0.62631,0.63243,0.47059,0.47612,0.43055,0.45969,0.5387,0.58231,0.13975,0.16042,0.594,0.64845,0.4257,0.38061,0.71456,0.83034,0.33391,0.31591,0.62408,0.69025,0.37852,0.39519,0.4807,0.54678,0.02162,0.00411,0.5623,0.54606,0.44558,0.44141,0.49691,0.47366,0.40858,0.3878,0.52838,0.56691,0.4257,0.38061,0.71456,0.83034,0.33391,0.31591,0.62408,0.69025,0.37852,0.39519,0.4807,0.54678
chicken,0.63475,0.63229,0.4365,0.45712,0.28444,0.30824,0.50348,0.56481,0.10658,0.04979,0.57809,0.74837,0.38774,0.37384,0.78187,0.90723,0.39592,0.31851,0.73861,1.0,0.30432,0.31397,0.48618,0.5495,0.56553,0.58704,0.44873,0.43806,0.37762,0.39795,0.51968,0.582,0.07882,0.11579,0.56452,0.62636,0.4015,0.33729,0.72771,0.89755,0.35031,0.3525,0.59319,0.66904,0.36044,0.37799,0.48024,0.54337,0.0351,0.0,0.54959,0.56175,0.42749,0.42146,0.46322,0.46305,0.40888,0.39498,0.51521,0.55058,0.4015,0.33729,0.72771,0.89755,0.35031,0.3525,0.59319,0.66904,0.36044,0.37799,0.48024,0.54337
chicken,0.61159,0.61173,0.42868,0.46879,0.29741,0.32425,0.497,0.57634,0.08308,0.0,0.56259,0.74751,0.39003,0.40577,0.78029,0.84742,0.36046,0.24076,0.74382,1.0,0.30247,0.30616,0.49935,0.54543,0.56281,0.58429,0.44459,0.44622,0.36149,0.3666,0.49055,0.53439,0.07279,0.07634,0.5445,0.60477,0.32288,0.28827,0.64941,0.8169,0.35634,0.36998,0.56081,0.65765,0.34445,0.35567,0.4877,0.54463,0.05002,0.00736,0.55175,0.66362,0.41383,0.40875,0.44459,0.44672,0.407,0.38469,0.51001,0.61451,0.32288,0.28827,0.64941,0.8169,0.35634,0.36998,0.56081,0.65765,0.34445,0.35567,0.4877,0.54463
chicken,0.6242,0.6297,0.44169,0.47853,0.28737,0.29394,0.51462,0.61033,0.08519,0.041,0.60788,0.78784,0.41639,0.39213,0.79632,1.0,0.39181,0.34047,0.74135,0.96269,0.29985,0.3292,0.54748,0.59926,0.60685,0.61494,0.44432,0.45116,0.36859,0.37921,0.4861,0.57149,0.09674,0.09942,0.56357,0.68423,0.34633,0.31526,0.64754,0.78795,0.33381,0.33801,0.56161,0.69048,0.36977,0.38352,0.49561,0.57938,0.03158,0.0,0.55593,0.65922,0.42503,0.42821,0.44687,0.45301,0.40685,0.37942,0.51033,0.60305,0.34633,0.31526,0.64754,0.78795,0.33381,0.33801,0.56161,0.69048,0.36977,0.38352,0.49561,0.57938
chicken,0.59849,0.60287,0.4101,0.4213,0.27152,0.25998,0.49874,0.55874,0.10879,0.14747,0.57605,0.76055,0.3081,0.29475,0.78346,1.0,0.35014,0.33734,0.65315,0.80076,0.28691,0.28883,0.49885,0.53582,0.57024,0.56543,0.43646,0.45129,0.37797,0.39064,0.46831,0.52636,0.06985,0.10048,0.5509,0.73219,0.29217,0.26017,0.71111,0.93935,0.36004,0.33276,0.52548,0.58949,0.36037,0.38758,0.47449,0.55549,0.02288,0.0,0.51879,0.53457,0.40364,0.39542,0.42767,0.42254,0.38228,0.36543,0.47504,0.52388,0.29217,0.26017,0.71111,0.93935,0.36004,0.33276,0.52548,0.58949,0.36037,0.38758,0.47449,0.55549
chicken,0.52348,0.52335,0.35962,0.37355,0.27038,0.24748,0.44507,0.52799,0.07676,0.04867,0.48998,0.65896,0.24203,0.28446,0.70381,1.0,0.27447,0.17198,0.58881,0.72259,0.2371,0.23201,0.42159,0.47966,0.51496,0.5187,0.39136,0.43555,0.36509,0.38249,0.42048,0.47184,0.06729,0.09476,0.46411,0.48087,0.23879,0.18643,0.65436,0.85201,0.32516,0.31645,0.45374,0.47855,0.30678,0.31267,0.40326,0.45043,0.02674,0.0,0.46243,0.52481,0.35263,0.34999,0.37024,0.36168,0.34277,0.33709,0.4253,0.51956,0.23879,0.18643,0.65436,0.85201,0.32516,0.31645,0.45374,0.47855,0.30678,0.31267,0.40326,0.45043
chicken,0.55636,0.5561,0.39068,0.42783,0.265,0.26442,0.46478,0.56474,0.06841,0.02011,0.51927,0.68408,0.31252,0.30182,0.7285,1.0,0.29817,0.16839,0.66278,0.82851,0.24763,0.23248,0.46319,0.5389,0.56492,0.57358,0.3877,0.41477,0.3804,0.39034,0.42987,0.47773,0.09011,0.09867,0.49445,0.55243,0.28123,0.2306,0.70119,0.92501,0.31869,0.32964,0.50747,0.55967,0.31493,0.32062,0.39674,0.42163,0.02579,0.0,0.4962,0.61079,0.37544,0.37531,0.38248,0.36741,0.37172,0.36534,0.44677,0.54557,0.28123,0.2306,0.70119,0.92501,0.31869,0.32964,0.50747,0.55967,0.31493,0.32062,0.39674,0.42163
chicken,0.63781,0.64276,0.45696,0.50041,0.2888,0.2957,0.51824,0.57642,0.09337,0.03403,0.57208,0.69829,0.48003,0.44691,0.79222,0.91563,0.38717,0.25678,0.72886,0.91319,0.32032,0.33136,0.52811,0.59843,0.64911,0.6558,0.46091,0.51345,0.42692,0.41349,0.4917,0.52333,0.1755,0.18239,0.59819,0.67648,0.36079,0.35908,0.78312,1.0,0.34033,0.33768,0.63124,0.75229,0.3602,0.37701,0.47098,0.51192,0.02317,0.0,0.54513,0.56735,0.43349,0.42755,0.437,0.44396,0.4098,0.39433,0.49427,0.54351,0.36079,0.35908,0.78312,1.0,0.34033,0.33768,0.63124,0.75229,0.3602,0.37701,0.47098,0.51192
chicken,0.64304,0.65052,0.45084,0.50145,0.26007,0.27412,0.50577,0.59224,0.10679,0.0352,0.56363,0.72888,0.3962,0.45238,0.7768,0.96915,0.39216,0.28592,0.73465,1.0,0.29912,0.32464,0.49724,0.58137,0.63879,0.64969,0.47569,0.54658,0.39397,0.38054,0.50283,0.58685,0.12704,0.10186,0.58277,0.7059,0.36847,0.32153,0.7334,0.96491,0.33942,0.3646,0.62272,0.75124,0.33206,0.33023,0.4525,0.50342,0.02126,0.0,0.53569,0.59493,0.42465,0.42257,0.45206,0.45518,0.40754,0.39462,0.48521,0.54834,0.36847,0.32153,0.7334,0.96491,0.33942,0.3646,0.62272,0.75124,0.33206,0.33023,0.4525,0.50342
chicken,0.57815,0.5834,0.39533,0.43837,0.22913,0.21656,0.45595,0.55677,0.06537,0.02488,0.52373,0.68283,0.32159,0.38355,0.70818,0.8993,0.35556,0.24436,0.66543,1.0,0.27316,0.27955,0.44891,0.50739,0.56143,0.56979,0.40883,0.42166,0.32953,0.3297,0.44153,0.50467,0.05859,0.06026,0.49232,0.58184,0.33891,0.25797,0.64672,0.86363,0.30515,0.29219,0.51204,0.59428,0.2922,0.28849,0.39791,0.45441,0.02407,0.0,0.48059,0.57135,0.37997,0.38628,0.395,0.39376,0.37558,0.36975,0.43475,0.52683,0.33891,0.25797,0.64672,0.86363,0.30515,0.29219,0.51204,0.59428,0.2922,0.28849,0.39791,0.45441
chicken,0.68538,0.66853,0.47874,0.52261,0.36687,0.39705,0.57208,0.72202,0.07997,0.00134,0.64496,0.82039,0.38441,0.41517,0.8673,1.0,0.35095,0.24731,0.73605,0.86157,0.34915,0.35295,0.57523,0.58897,0.67961,0.6889,0.47542,0.48512,0.43463,0.45658,0.54892,0.57889,0.12493,0.14928,0.62186,0.78615,0.36653,0.29499,0.79745,0.87377,0.39094,0.40286,0.59706,0.72314,0.41001,0.43308,0.53936,0.61594,0.02983,0.0,0.59194,0.66103,0.47587,0.46889,0.47232,0.4756,0.4457,0.42099,0.54087,0.62455,0.36653,0.29499,0.79745,0.87377,0.39094,0.40286,0.59706,0.72314,0.41001,0.43308,0.53936,0.61594
chicken,0.59923,0.59082,0.42953,0.45232,0.35573,0.39369,0.52566,0.64206,0.06962,0.0,0.60659,0.7903,0.38969,0.38901,0.8628,1.0,0.31078,0.24837,0.63131,0.76273,0.31637,0.31577,0.51859,0.56891,0.62037,0.61888,0.43361,0.44726,0.40368,0.42154,0.49378,0.5355,0.12638,0.16889,0.5666,0.70624,0.31416,0.32181,0.67163,0.77131,0.35336,0.38668,0.52832,0.65969,0.36708,0.37947,0.49011,0.53511,0.05001,0.02805,0.52822,0.58284,0.43781,0.43927,0.43022,0.43752,0.41209,0.40635,0.49362,0.54904,0.31416,0.32181,0.67163,0.77131,0.35336,0.38668,0.52832,0.65969,0.36708,0.37947,0.49011,0.53511
chicken,0.57513,0.57997,0.45833,0.48858,0.36735,0.37558,0.52298,0.59782,0.08882,0.0,0.61565,0.78927,0.44628,0.42967,0.82114,1.0,0.38912,0.28883,0.6544,0.82854,0.34742,0.34684,0.52401,0.57435,0.61837,0.61835,0.44954,0.47438,0.42987,0.41896,0.50775,0.55284,0.1633,0.1703,0.55712,0.67164,0.37751,0.39004,0.63281,0.6611,0.36151,0.34898,0.56007,0.63138,0.36526,0.38308,0.48872,0.50259,0.0956,0.08586,0.5269,0.54784,0.44819,0.45287,0.4445,0.45537,0.41909,0.41271,0.50019,0.56132,0.37751,0.39004,0.63281,0.6611,0.36151,0.34898,0.56007,0.63138,0.36526,0.38308,0.48872,0.50259
chicken,0.6373,0.62361,0.50893,0.55534,0.38128,0.39372,0.56476,0.62673,0.02686,0.0,0.67641,0.85929,0.4231,0.40781,0.81277,0.90307,0.44484,0.38239,0.75631,1.0,0.3667,0.38655,0.57466,0.63482,0.65462,0.64741,0.49705,0.55903,0.4452,0.4397,0.55807,0.61668,0.06346,0.02634,0.6236,0.75855,0.39672,0.48082,0.78003,0.8936,0.41752,0.38401,0.76807,0.90284,0.38679,0.39626,0.55381,0.58052,0.02251,0.01479,0.61143,0.59127,0.47324,0.46858,0.49359,0.49006,0.44169,0.43669,0.55909,0.6585,0.39672,0.48082,0.78003,0.8936,0.41752,0.38401,0.76807,0.90284,0.38679,0.39626,0.55381,0.58052
chicken,0.59445,0.56859,0.48405,0.51706,0.34616,0.35928,0.53105,0.58876,0.02216,0.0,0.60397,0.73281,0.44299,0.47777,0.80141,1.0,0.37662,0.26803,0.70448,0.89566,0.37766,0.3766,0.52571,0.5914,0.63269,0.63872,0.47627,0.53195,0.45679,0.46953,0.50661,0.55666,0.11779,0.11849,0.59639,0.69701,0.33775,0.36202,0.71121,0.84518,0.38463,0.36498,0.72216,0.82628,0.37551,0.35949,0.52309,0.57324,0.05872,0.03358,0.57908,0.63914,0.45097,0.44841,0.46546,0.46013,0.44188,0.43827,0.53304,0.62171,0.33775,0.36202,0.71121,0.84518,0.38463,0.36498,0.72216,0.82628,0.37551,0.35949,0.52309,0.57324
chicken,0.63511,0.63902,0.49719,0.56412,0.25157,0.23997,0.52164,0.57157,0.06061,0.0,0.65995,0.84555,0.42572,0.43995,0.78924,0.93899,0.44206,0.36493,0.75457,1.0,0.361,0.36877,0.57639,0.64038,0.69302,0.69732,0.46663,0.49068,0.48771,0.50141,0.50752,0.56016,0.12159,0.12247,0.61516,0.76669,0.39568,0.37148,0.74346,0.93707,0.37883,0.38256,0.59258,0.62456,0.40215,0.37804,0.58059,0.6893,0.02271,0.00113,0.55475,0.58118,0.45976,0.45871,0.46845,0.47588,0.44984,0.4404,0.52095,0.56513,0.39568,0.37148,0.74346,0.93707,0.37883,0.38256,0.59258,0.62456,0.40215,0.37804,0.58059,0.6893
chicken,0.62483,0.63264,0.44153,0.44995,0.24587,0.2136,0.50132,0.58285,0.07742,0.03899,0.61863,0.84236,0.38803,0.40038,0.7133,0.7559,0.43505,0.48024,0.6837,0.8692,0.32129,0.30437,0.5431,0.63086,0.64794,0.64417,0.45053,0.48779,0.42958,0.43392,0.47946,0.52311,0.12386,0.17315,0.58493,0.74185,0.39019,0.36516,0.72228,1.0,0.37325,0.37732,0.48683,0.51399,0.38212,0.38801,0.53656,0.62656,0.02989,0.0,0.50465,0.5555,0.42921,0.43559,0.4305,0.42962,0.42657,0.41673,0.48245,0.55676,0.39019,0.36516,0.72228,1.0,0.37325,0.37732,0.48683,0.51399,0.38212,0.38801,0.53656,0.62656
chicken,0.63796,0.63721,0.43553,0.46425,0.31918,0.34694,0.52061,0.59691,0.09897,0.04541,0.58884,0.80168,0.32287,0.28107,0.79045,1.0,0.3197,0.27329,0.69771,0.89895,0.30758,0.30746,0.52314,0.57922,0.64066,0.64662,0.46907,0.54536,0.417,0.43899,0.50757,0.54362,0.13216,0.15608,0.58558,0.71269,0.35212,0.29314,0.73619,0.9329,0.3631,0.3676,0.50349,0.53288,0.36258,0.40728,0.5104,0.55498,0.03631,0.0,0.52648,0.58106,0.43507,0.4396,0.42848,0.43684,0.4198,0.41137,0.49484,0.58525,0.35212,0.29314,0.73619,0.9329,0.3631,0.3676,0.50349,0.53288,0.36258,0.40728,0.5104,0.55498
chicken,0.63332,0.62778,0.46376,0.49455,0.38904,0.42572,0.54446,0.61811,0.08571,0.0,0.59213,0.81091,0.33717,0.32037,0.77211,0.88663,0.32344,0.19177,0.74909,1.0,0.3375,0.35391,0.50879,0.5071,0.63978,0.63498,0.48476,0.52644,0.41031,0.41934,0.52092,0.57459,0.10694,0.15391,0.58587,0.67716,0.37517,0.33436,0.70846,0.89547,0.37531,0.35391,0.56881,0.60103,0.39292,0.44609,0.5333,0.57531,0.06079,0.02551,0.56463,0.63652,0.45739,0.45967,0.47089,0.4608,0.44453,0.45103,0.52559,0.57665,0.37517,0.33436,0.70846,0.89547,0.37531,0.35391,0.56881,0.60103,0.39292,0.44609,0.5333,0.57531
chicken,0.65906,0.65703,0.51681,0.54081,0.46544,0.49664,0.58607,0.6092,0.07494,0.0,0.62622,0.68716,0.5096,0.52534,0.77696,0.76806,0.45211,0.30552,0.81767,1.0,0.41225,0.41543,0.54567,0.56931,0.68911,0.68614,0.53333,0.57032,0.47175,0.45614,0.5843,0.64838,0.18958,0.19662,0.62925,0.69896,0.43112,0.43721,0.75772,0.92937,0.42411,0.44433,0.66517,0.72512,0.45184,0.51354,0.61851,0.64614,0.13073,0.07979,0.62389,0.70181,0.51597,0.51455,0.52582,0.51415,0.50715,0.50519,0.58405,0.65439,0.43112,0.43721,0.75772,0.92937,0.42411,0.44433,0.66517,0.72512,0.45184,0.51354,0.61851,0.64614
chicken,0.58783,0.58809,0.43812,0.46618,0.37662,0.41181,0.5098,0.56109,0.07888,0.0,0.5732,0.70022,0.39636,0.36459,0.72947,0.71781,0.40122,0.28332,0.75328,1.0,0.31191,0.32076,0.50411,0.55677,0.60783,0.61913,0.45287,0.48904,0.432,0.42837,0.51075,0.59185,0.13018,0.10987,0.53997,0.61659,0.35602,0.35048,0.6821,0.8574,0.37345,0.39394,0.56188,0.60023,0.38089,0.40862,0.53569,0.57332,0.06631,0.03104,0.54142,0.60841,0.44027,0.44022,0.44016,0.44615,0.42079,0.40617,0.49485,0.55526,0.35602,0.35048,0.6821,0.8574,0.37345,0.39394,0.56188,0.60023,0.38089,0.40862,0.53569,0.57332
chicken,0.53608,0.54103,0.37503,0.38698,0.28979,0.3297,0.45743,0.54702,0.07174,0.09041,0.50526,0.67502,0.29526,0.2687,0.70912,0.7539,0.31635,0.26761,0.68236,1.0,0.23944,0.24837,0.45719,0.54185,0.53089,0.54212,0.39188,0.42166,0.38232,0.38617,0.43718,0.48947,0.06564,0.10258,0.48667,0.60076,0.29308,0.27596,0.59801,0.68764,0.32995,0.28322,0.49414,0.56536,0.32991,0.35657,0.42599,0.45842,0.02712,0.0,0.47142,0.57426,0.38075,0.37781,0.37716,0.37881,0.36162,0.32625,0.43183,0.50935,0.29308,0.27596,0.59801,0.68764,0.32995,0.28322,0.49414,0.56536,0.32991,0.35657,0.42599,0.45842
chicken,0.5596,0.56201,0.40002,0.41645,0.25054,0.25412,0.48679,0.56458,0.0652,0.0286,0.52792,0.69812,0.39942,0.36336,0.76215,0.91002,0.35717,0.3178,0.70511,1.0,0.28967,0.28177,0.50335,0.63407,0.57202,0.57402,0.42864,0.45391,0.38797,0.38052,0.45342,0.48508,0.10043,0.15061,0.51728,0.65389,0.31224,0.30464,0.6168,0.76151,0.33506,0.28443,0.52078,0.57974,0.35432,0.37804,0.43378,0.45658,0.02541,0.0,0.46719,0.5438,0.40093,0.40187,0.39583,0.4115,0.37889,0.35345,0.44068,0.4908,0.31224,0.30464,0.6168,0.76151,0.33506,0.28443,0.52078,0.57974,0.35432,0.37804,0.43378,0.45658
chicken,0.56333,0.56308,0.4035,0.43468,0.25745,0.25959,0.48799,0.55822,0.08122,0.0,0.54403,0.68074,0.38012,0.3823,0.70982,0.78075,0.36027,0.24559,0.72007,1.0,0.2946,0.31263,0.51728,0.63274,0.59506,0.60379,0.43744,0.47026,0.38686,0.37482,0.43716,0.49342,0.10715,0.10925,0.50585,0.61434,0.31748,0.33747,0.55779,0.63843,0.34718,0.31973,0.50152,0.52741,0.35179,0.36343,0.43982,0.46671,0.04013,0.01718,0.47158,0.53973,0.40494,0.40788,0.41098,0.42525,0.38631,0.37296,0.44755,0.49043,0.31748,0.33747,0.55779,0.63843,0.34718,0.31973,0.50152,0.52741,0.35179,0.36343,0.43982,0.46671
chicken,0.57252,0.57461,0.40112,0.42634,0.29328,0.30185,0.48622,0.53571,0.0724,0.0,0.56067,0.69501,0.32469,0.28778,0.65482,0.71222,0.34823,0.19629,0.7284,1.0,0.27164,0.32734,0.51723,0.6195,0.57968,0.5923,0.43276,0.4564,0.39143,0.39011,0.45224,0.51403,0.07421,0.08768,0.52274,0.62511,0.3298,0.35492,0.57921,0.64013,0.3498,0.32126,0.55606,0.60732,0.34099,0.3515,0.49209,0.50347,0.04335,0.0175,0.50234,0.59582,0.4095,0.41084,0.42142,0.41636,0.39157,0.38079,0.46685,0.54741,0.3298,0.35492,0.57921,0.64013,0.3498,0.32126,0.55606,0.60732,0.34099,0.3515,0.49209,0.50347
chicken,0.61887,0.61959,0.46545,0.48842,0.3855,0.42207,0.53603,0.58311,0.06525,0.0,0.60914,0.68614,0.40996,0.36639,0.68859,0.6962,0.39309,0.21459,0.77599,1.0,0.36525,0.40358,0.5918,0.68675,0.63797,0.66206,0.48383,0.51321,0.45134,0.45763,0.53408,0.61807,0.13689,0.15607,0.59738,0.70677,0.37347,0.37939,0.71895,0.7851,0.37538,0.31721,0.71797,0.85938,0.42339,0.4997,0.60633,0.6392,0.05801,0.0315,0.57872,0.66633,0.46243,0.45743,0.4801,0.49553,0.43782,0.41597,0.55031,0.61766,0.37347,0.37939,0.71895,0.7851,0.37538,0.31721,0.71797,0.85938,0.42339,0.4997,0.60633,0.6392
chicken,0.6611,0.66345,0.50006,0.53509,0.40146,0.43378,0.55478,0.61419,0.05272,0.0,0.63433,0.70316,0.53041,0.46448,0.75863,0.90695,0.44522,0.29405,0.77725,1.0,0.42133,0.48938,0.64737,0.6833,0.70252,0.72719,0.50653,0.51706,0.4942,0.48294,0.55742,0.62868,0.17573,0.20562,0.61809,0.7331,0.34961,0.34385,0.73772,0.71485,0.42114,0.31552,0.78156,0.97414,0.44254,0.47156,0.60608,0.62438,0.08451,0.04464,0.60187,0.69725,0.49105,0.48379,0.48988,0.5014,0.48487,0.46083,0.58136,0.61945,0.34961,0.34385,0.73772,0.71485,0.42114,0.31552,0.78156,0.97414,0.44254,0.47156,0.60608,0.62438
chicken,0.67355,0.67569,0.48126,0.51042,0.32437,0.34752,0.53556,0.60649,0.09221,0.0,0.63491,0.81979,0.48617,0.50118,0.80669,1.0,0.41603,0.33247,0.71171,0.85579,0.36622,0.45068,0.61318,0.68741,0.70347,0.71932,0.46012,0.48216,0.47874,0.46486,0.50813,0.57006,0.14727,0.18483,0.61388,0.73909,0.32848,0.30153,0.68532,0.8185,0.41944,0.40232,0.67346,0.81109,0.38759,0.4049,0.48862,0.50838,0.05708,0.026,0.55926,0.65452,0.4674,0.46185,0.47151,0.46239,0.46377,0.44831,0.54703,0.58693,0.32848,0.30153,0.68532,0.8185,0.41944,0.40232,0.67346,0.81109,0.38759,0.4049,0.48862,0.50838
chicken,0.66952,0.67553,0.47055,0.50773,0.28704,0.2993,0.53163,0.64754,0.12528,0.06267,0.64576,0.86656,0.37293,0.32501,0.81028,1.0,0.37099,0.3168,0.74113,0.93679,0.31573,0.37212,0.58581,0.70016,0.67612,0.69498,0.45307,0.49238,0.45403,0.45381,0.49928,0.55505,0.10085,0.11432,0.609,0.74446,0.38544,0.41124,0.72644,0.9503,0.3916,0.38747,0.61451,0.75321,0.37378,0.37947,0.49123,0.49444,0.0259,0.0,0.5604,0.596,0.44954,0.44365,0.49303,0.45132,0.43232,0.42507,0.53759,0.58574,0.38544,0.41124,0.72644,0.9503,0.3916,0.38747,0.61451,0.75321,0.37378,0.37947,0.49123,0.49444
chicken,0.66731,0.68698,0.49278,0.54313,0.32432,0.32866,0.55402,0.63926,0.11521,0.0,0.67663,0.9076,0.47572,0.47655,0.80147,0.8731,0.43654,0.40512,0.77584,0.97044,0.37378,0.41441,0.61075,0.66075,0.67446,0.68274,0.47883,0.51296,0.47177,0.46424,0.51773,0.56552,0.16514,0.18884,0.61818,0.72208,0.41272,0.43478,0.75083,1.0,0.39597,0.3908,0.61201,0.6897,0.39953,0.40028,0.52258,0.55533,0.10412,0.06537,0.58371,0.66347,0.47737,0.48058,0.50761,0.48926,0.46683,0.46283,0.54495,0.62927,0.41272,0.43478,0.75083,1.0,0.39597,0.3908,0.61201,0.6897,0.39953,0.40028,0.52258,0.55533
chicken,0.66255,0.68844,0.46912,0.50636,0.27162,0.23286,0.53931,0.58473,0.10176,0.04679,0.64579,0.88476,0.42118,0.4737,0.79712,1.0,0.4021,0.34023,0.73589,0.93273,0.32691,0.33808,0.5856,0.70472,0.65762,0.67249,0.45292,0.48329,0.42967,0.41505,0.47,0.49386,0.09017,0.05778,0.61932,0.79269,0.38285,0.42109,0.68467,0.9157,0.3931,0.39478,0.66341,0.82546,0.36735,0.35834,0.47671,0.51186,0.03039,0.0,0.53508,0.60101,0.45122,0.45817,0.46165,0.45505,0.43099,0.41677,0.50683,0.58355,0.38285,0.42109,0.68467,0.9157,0.3931,0.39478,0.66341,0.82546,0.36735,0.35834,0.47671,0.51186
chicken,0.64215,0.65349,0.47443,0.55322,0.26393,0.26244,0.52488,0.57591,0.10747,0.04161,0.61885,0.79778,0.39106,0.39042,0.75116,1.0,0.34528,0.24885,0.77696,0.99101,0.32343,0.35299,0.56752,0.65726,0.64492,0.66081,0.47084,0.50596,0.42325,0.41593,0.4814,0.49686,0.09788,0.07194,0.61169,0.73087,0.3489,0.34881,0.74493,0.81671,0.38535,0.3808,0.68158,0.87662,0.35035,0.34714,0.46521,0.49028,0.01994,0.0,0.50271,0.56483,0.44,0.44061,0.46043,0.4793,0.41691,0.39858,0.48525,0.55563,0.3489,0.34881,0.74493,0.81671,0.38535,0.3808,0.68158,0.87662,0.35035,0.34714,0.46521,0.49028
chicken,0.57055,0.57137,0.42564,0.50115,0.26331,0.28857,0.47276,0.54054,0.06862,0.01614,0.56113,0.70913,0.33169,0.36234,0.68335,0.90154,0.28433,0.12834,0.75493,1.0,0.28893,0.30874,0.50061,0.52123,0.59089,0.60999,0.43568,0.48943,0.37982,0.37637,0.45367,0.47723,0.11876,0.11162,0.54124,0.6049,0.28517,0.25034,0.71379,0.85793,0.30539,0.30067,0.57107,0.66503,0.33295,0.32968,0.42929,0.43698,0.01465,0.0,0.46084,0.47358,0.39596,0.39404,0.41224,0.42584,0.37446,0.36465,0.44539,0.49673,0.28517,0.25034,0.71379,0.85793,0.30539,0.30067,0.57107,0.66503,0.33295,0.32968,0.42929,0.43698
chicken,0.53721,0.54145,0.39658,0.4405,0.26684,0.29132,0.44476,0.52024,0.1052,0.08836,0.52694,0.66406,0.29055,0.31737,0.70677,1.0,0.32325,0.24556,0.66438,0.83278,0.25366,0.27002,0.48902,0.49938,0.53511,0.52984,0.40805,0.45098,0.38305,0.35997,0.45053,0.50951,0.07392,0.08537,0.50388,0.61178,0.27789,0.27953,0.57801,0.64179,0.35247,0.39377,0.53188,0.62894,0.31966,0.32758,0.46088,0.46207,0.02601,0.0,0.44864,0.4758,0.37349,0.37423,0.40101,0.40574,0.35685,0.35047,0.43079,0.48988,0.27789,0.27953,0.57801,0.64179,0.35247,0.39377,0.53188,0.62894,0.31966,0.32758,0.46088,0.46207
chicken,0.55024,0.55762,0.40957,0.45217,0.27006,0.27185,0.45659,0.52815,0.08014,0.02746,0.53739,0.69474,0.34472,0.31396,0.73995,1.0,0.34299,0.28778,0.65032,0.80119,0.26995,0.28723,0.50439,0.52787,0.55686,0.56805,0.40901,0.42993,0.43879,0.44119,0.46458,0.54673,0.09979,0.14535,0.5322,0.68824,0.31069,0.31652,0.57082,0.64842,0.36976,0.35021,0.52664,0.64366,0.32188,0.32641,0.46765,0.46114,0.02701,0.0,0.46864,0.5222,0.38307,0.38206,0.4073,0.40375,0.3675,0.35991,0.44176,0.50307,0.31069,0.31652,0.57082,0.64842,0.36976,0.35021,0.52664,0.64366,0.32188,0.32641,0.46765,0.46114
chicken,0.60977,0.60676,0.44522,0.48927,0.27798,0.28415,0.49892,0.5851,0.08871,0.00425,0.5973,0.80186,0.40872,0.37381,0.81781,1.0,0.36665,0.28172,0.71201,0.87513,0.29965,0.29205,0.52399,0.56082,0.63627,0.64218,0.42401,0.4573,0.46219,0.44708,0.48588,0.54108,0.13993,0.20623,0.5922,0.75187,0.35317,0.43129,0.67105,0.81036,0.36203,0.32868,0.55932,0.62346,0.36425,0.35661,0.42637,0.44657,0.02602,0.0,0.49238,0.53906,0.42109,0.42178,0.43349,0.41824,0.40402,0.38838,0.47727,0.53855,0.35317,0.43129,0.67105,0.81036,0.36203,0.32868,0.55932,0.62346,0.36425,0.35661,0.42637,0.44657
chicken,0.57069,0.56077,0.40927,0.43514,0.25957,0.26953,0.46116,0.54459,0.07056,0.0,0.56488,0.75159,0.41847,0.4064,0.77854,1.0,0.36179,0.29428,0.64693,0.80175,0.29768,0.28457,0.49089,0.54326,0.60753,0.61749,0.3909,0.41972,0.42381,0.42162,0.45016,0.5167,0.14596,0.19853,0.55398,0.69297,0.3409,0.41173,0.65933,0.80042,0.32902,0.3215,0.52429,0.56191,0.33686,0.34092,0.4115,0.40925,0.03155,0.00495,0.46656,0.52003,0.39359,0.39593,0.41262,0.39098,0.38284,0.37023,0.46002,0.51385,0.3409,0.41173,0.65933,0.80042,0.32902,0.3215,0.52429,0.56191,0.33686,0.34092,0.4115,0.40925
chicken,0.56716,0.55254,0.40603,0.42453,0.24936,0.2655,0.46463,0.54827,0.08705,0.02915,0.54484,0.71333,0.33824,0.37133,0.79464,1.0,0.33247,0.24489,0.60098,0.68548,0.28871,0.27274,0.47943,0.52636,0.60321,0.60954,0.3851,0.39909,0.42035,0.43186,0.44286,0.51058,0.14421,0.16729,0.54217,0.70637,0.31862,0.32993,0.65766,0.89408,0.33712,0.33828,0.49329,0.5142,0.32751,0.3368,0.41877,0.41014,0.02717,0.0,0.4768,0.52859,0.38083,0.38303,0.41516,0.39176,0.36705,0.35035,0.45491,0.53546,0.31862,0.32993,0.65766,0.89408,0.33712,0.33828,0.49329,0.5142,0.32751,0.3368,0.41877,0.41014
chicken,0.60829,0.58675,0.43114,0.46991,0.26697,0.29827,0.495,0.59673,0.10552,0.03621,0.55026,0.71974,0.30813,0.27067,0.81344,1.0,0.33434,0.23642,0.60166,0.71093,0.2956,0.27557,0.48632,0.52089,0.63205,0.63998,0.4201,0.43057,0.42392,0.44329,0.46172,0.50387,0.13466,0.16616,0.57501,0.7853,0.35251,0.39084,0.65713,0.79597,0.35922,0.35502,0.56131,0.5709,0.35129,0.35581,0.45264,0.49545,0.02496,0.0,0.50973,0.61679,0.40287,0.4018,0.45087,0.42088,0.39295,0.38771,0.47372,0.56904,0.35251,0.39084,0.65713,0.79597,0.35922,0.35502,0.56131,0.5709,0.35129,0.35581,0.45264,0.49545
chicken,0.71529,0.71253,0.53414,0.5594,0.39543,0.4364,0.60538,0.64584,0.07102,0.0,0.63488,0.72749,0.42924,0.38617,0.85712,1.0,0.40049,0.31702,0.75208,0.95001,0.38012,0.37426,0.56841,0.62773,0.76301,0.77187,0.53626,0.5733,0.50014,0.48709,0.56423,0.62773,0.18758,0.26002,0.68638,0.79395,0.4918,0.50088,0.71034,0.83553,0.37251,0.33034,0.72209,0.78624,0.46778,0.48569,0.63259,0.71125,0.06711,0.03668,0.6455,0.78928,0.5022,0.50718,0.5676,0.52833,0.49818,0.48592,0.59882,0.74115,0.4918,0.50088,0.71034,0.83553,0.37251,0.33034,0.72209,0.78624,0.46778,0.48569,0.63259,0.71125
chicken,0.6348,0.6411,0.48145,0.50601,0.37819,0.4196,0.53815,0.60725,0.05364,0.0,0.57633,0.70985,0.41544,0.35984,0.77686,0.82207,0.42287,0.37363,0.72603,1.0,0.36658,0.35148,0.53583,0.58625,0.66362,0.66576,0.48815,0.51217,0.43407,0.4219,0.5199,0.5805,0.12834,0.1586,0.59767,0.75081,0.35034,0.36506,0.65508,0.70181,0.35914,0.30154,0.63602,0.75457,0.39668,0.43235,0.6081,0.68676,0.05999,0.01672,0.57537,0.67224,0.45438,0.44886,0.50012,0.46944,0.44237,0.43005,0.54006,0.64257,0.35034,0.36506,0.65508,0.70181,0.35914,0.30154,0.63602,0.75457,0.39668,0.43235,0.6081,0.68676
chicken,0.57381,0.56965,0.44012,0.4534,0.35734,0.38946,0.48954,0.57276,0.05583,0.0,0.56395,0.69553,0.39595,0.31693,0.7472,0.78563,0.41874,0.38927,0.71444,1.0,0.32046,0.3107,0.51183,0.54453,0.58963,0.59647,0.4321,0.44083,0.39633,0.39494,0.48175,0.53688,0.11213,0.11597,0.53231,0.6571,0.30761,0.30088,0.60246,0.6706,0.36507,0.35395,0.5708,0.66682,0.34839,0.37605,0.50819,0.54481,0.04247,0.01133,0.51135,0.58079,0.41592,0.40929,0.44436,0.42629,0.39322,0.37813,0.48855,0.55265,0.30761,0.30088,0.60246,0.6706,0.36507,0.35395,0.5708,0.66682,0.34839,0.37605,0.50819,0.54481
chicken,0.58411,0.57483,0.46125,0.47431,0.39487,0.42293,0.5115,0.54356,0.06804,0.0,0.58158,0.71445,0.38413,0.33023,0.75315,0.74237,0.35543,0.20328,0.72852,1.0,0.32683,0.32688,0.52628,0.57818,0.61767,0.61727,0.44416,0.46314,0.43718,0.45421,0.49911,0.52457,0.15792,0.18392,0.55685,0.68876,0.37677,0.36858,0.61737,0.69397,0.36756,0.36337,0.57982,0.68801,0.40347,0.41437,0.492,0.52904,0.07081,0.04728,0.54054,0.6586,0.43983,0.43522,0.47052,0.45905,0.41732,0.41176,0.51417,0.61355,0.37677,0.36858,0.61737,0.69397,0.36756,0.36337,0.57982,0.68801,0.40347,0.41437,0.492,0.52904
