id,acc_rh_x,acc_rh_y,acc_rh_z,gyro_rh_x,gyro_rh_y,gyro_rh_z,acc_lh_x,acc_lh_y,acc_lh_z,gyro_lh_x,gyro_lh_y,gyro_lh_z,acc_leg_x,acc_leg_y,acc_leg_z,gyro_leg_x,gryo_leg_y,gryo_leg_z
0,0.86428,-0.09912,0.1189,-39.40702,10.85696,45.71673,0.86428,-0.09912,0.1189,-39.40702,10.85696,45.71673,0.86428,-0.09912,0.1189,-39.40702,10.85696,45.71673
1,0.9407,0.00073,0.27467,-9.03348,1.236,-14.50392,0.9407,0.00073,0.27467,-9.03348,1.236,-14.50392,0.9407,0.00073,0.27467,-9.03348,1.236,-14.50392
2,1.03885,-0.02637,0.26197,-5.0737,7.72881,-21.49266,1.03885,-0.02637,0.26197,-5.0737,7.72881,-21.49266,1.03885,-0.02637,0.26197,-5.0737,7.72881,-21.49266
3,1.01907,-0.05908,0.22901,-3.96741,9.75066,-14.8854,1.01907,-0.05908,0.22901,-3.96741,9.75066,-14.8854,1.01907,-0.05908,0.22901,-3.96741,9.75066,-14.8854
4,1.06473,0.05054,0.32179,-21.04251,20.56948,50.77517,1.06473,0.05054,0.32179,-21.04251,20.56948,50.77517,1.06473,0.05054,0.32179,-21.04251,20.56948,50.77517
5,0.98196,-0.16529,0.21143,-18.07459,18.82992,53.97961,0.98196,-0.16529,0.21143,-18.07459,18.82992,53.97961,0.98196,-0.16529,0.21143,-18.07459,18.82992,53.97961
6,0.91702,-0.0459,0.19825,21.91229,-17.36503,18.62392,0.91702,-0.0459,0.19825,21.91229,-17.36503,18.62392,0.91702,-0.0459,0.19825,21.91229,-17.36503,18.62392
7,1.00076,-0.09131,0.21387,2.86874,-39.75036,25.34562,1.00076,-0.09131,0.21387,2.86874,-39.75036,25.34562,1.00076,-0.09131,0.21387,2.86874,-39.75036,25.34562
8,0.95657,-0.02857,0.23609,16.3274,-45.52599,3.99792,0.95657,-0.02857,0.23609,16.3274,-45.52599,3.99792,0.95657,-0.02857,0.23609,16.3274,-45.52599,3.99792
9,1.02225,-0.02637,0.20338,-10.17029,-17.3574,0.19837,1.02225,-0.02637,0.20338,-10.17029,-17.3574,0.19837,1.02225,-0.02637,0.20338,-10.17029,-17.3574,0.19837
10,0.97781,-0.08887,0.22413,9.72015,7.61437,-10.65859,0.97781,-0.08887,0.22413,9.72015,7.61437,-10.65859,0.97781,-0.08887,0.22413,9.72015,7.61437,-10.65859
11,0.99515,-0.08667,0.17774,1.61748,7.66015,-17.20481,0.99515,-0.08667,0.17774,1.61748,7.66015,-17.20481,0.99515,-0.08667,0.17774,1.61748,7.66015,-17.20481
12,0.99612,-0.09424,0.20826,-2.09052,3.74615,-18.22718,0.99612,-0.09424,0.20826,-2.09052,3.74615,-18.22718,0.99612,-0.09424,0.20826,-2.09052,3.74615,-18.22718
13,1.02396,-0.08106,0.21924,-3.64696,2.32704,-23.59081,1.02396,-0.08106,0.21924,-3.64696,2.32704,-23.59081,1.02396,-0.08106,0.21924,-3.64696,2.32704,-23.59081
14,0.97684,-0.08252,0.21656,-15.77807,9.30052,-15.72466,0.97684,-0.08252,0.21656,-15.77807,9.30052,-15.72466,0.97684,-0.08252,0.21656,-15.77807,9.30052,-15.72466
15,0.97366,-0.09033,0.1565,-21.46977,11.01718,-4.29548,0.97366,-0.09033,0.1565,-21.46977,11.01718,-4.29548,0.97366,-0.09033,0.1565,-21.46977,11.01718,-4.29548
16,1.01932,-0.07227,0.17188,-0.4883,27.75658,0.52644,1.01932,-0.07227,0.17188,-0.4883,27.75658,0.52644,1.01932,-0.07227,0.17188,-0.4883,27.75658,0.52644
17,1.04227,-0.06421,0.25758,-13.95459,16.06037,16.50288,1.04227,-0.06421,0.25758,-13.95459,16.06037,16.50288,1.04227,-0.06421,0.25758,-13.95459,16.06037,16.50288
18,0.99051,-0.06201,0.22779,-15.53392,11.56651,13.52733,0.99051,-0.06201,0.22779,-15.53392,11.56651,13.52733,0.99051,-0.06201,0.22779,-15.53392,11.56651,13.52733
19,0.96927,-0.02857,0.22242,-9.6057,14.32844,17.19718,0.96927,-0.02857,0.22242,-9.6057,14.32844,17.19718,0.96927,-0.02857,0.22242,-9.6057,14.32844,17.19718
20,0.93289,-0.01709,0.22926,9.15555,10.15503,11.2537,0.93289,-0.01709,0.22926,9.15555,10.15503,11.2537,0.93289,-0.01709,0.22926,9.15555,10.15503,11.2537
21,0.97195,0.01001,0.24293,29.62584,4.60067,-25.5974,0.97195,0.01001,0.24293,29.62584,4.60067,-25.5974,0.97195,0.01001,0.24293,29.62584,4.60067,-25.5974
22,0.98709,0.04736,0.23853,27.44377,-0.48067,-32.66243,0.98709,0.04736,0.23853,27.44377,-0.48067,-32.66243,0.98709,0.04736,0.23853,27.44377,-0.48067,-32.66243
23,0.98782,0.05542,0.28541,19.48607,2.05237,-34.42488,0.98782,0.05542,0.28541,19.48607,2.05237,-34.42488,0.98782,0.05542,0.28541,19.48607,2.05237,-34.42488
24,1.05936,0.11792,0.30103,21.30192,5.81378,-32.98288,1.05936,0.11792,0.30103,21.30192,5.81378,-32.98288,1.05936,0.11792,0.30103,21.30192,5.81378,-32.98288
25,1.07523,0.15162,0.34474,17.96014,8.9114,-16.49525,1.07523,0.15162,0.34474,17.96014,8.9114,-16.49525,1.07523,0.15162,0.34474,17.96014,8.9114,-16.49525
26,1.08426,0.14185,0.30226,28.88577,11.18503,-14.82437,1.08426,0.14185,0.30226,28.88577,11.18503,-14.82437,1.08426,0.14185,0.30226,28.88577,11.18503,-14.82437
27,1.16727,0.12842,0.26514,32.97525,13.71044,-10.41444,1.16727,0.12842,0.26514,32.97525,13.71044,-10.41444,1.16727,0.12842,0.26514,32.97525,13.71044,-10.41444
28,1.41948,0.16236,0.46022,34.47066,-2.15155,-25.91784,1.41948,0.16236,0.46022,34.47066,-2.15155,-25.91784,1.41948,0.16236,0.46022,34.47066,-2.15155,-25.91784
29,1.58916,0.12207,0.4966,37.54539,-1.46489,-43.71014,1.58916,0.12207,0.4966,37.54539,-1.46489,-43.71014,1.58916,0.12207,0.4966,37.54539,-1.46489,-43.71014
30,1.62456,0.07129,0.50246,56.8865,10.58992,-66.40065,1.62456,0.07129,0.50246,56.8865,10.58992,-66.40065,1.62456,0.07129,0.50246,56.8865,10.58992,-66.40065
31,1.49174,-0.06397,0.44118,47.89117,22.77444,-57.85546,1.49174,-0.06397,0.44118,47.89117,22.77444,-57.85546,1.49174,-0.06397,0.44118,47.89117,22.77444,-57.85546
32,1.30668,-0.24537,0.34913,14.93118,19.07407,-32.77688,1.30668,-0.24537,0.34913,14.93118,19.07407,-32.77688,1.30668,-0.24537,0.34913,14.93118,19.07407,-32.77688
33,1.15238,-0.3235,0.29005,-35.5388,29.51903,3.40281,1.15238,-0.3235,0.29005,-35.5388,29.51903,3.40281,1.15238,-0.3235,0.29005,-35.5388,29.51903,3.40281
34,1.03665,-0.23389,0.27076,-37.92688,31.06784,20.21088,1.03665,-0.23389,0.27076,-37.92688,31.06784,20.21088,1.03665,-0.23389,0.27076,-37.92688,31.06784,20.21088
35,0.93728,-0.26295,0.29859,-13.26029,29.18332,2.92215,0.93728,-0.26295,0.29859,-13.26029,29.18332,2.92215,0.93728,-0.26295,0.29859,-13.26029,29.18332,2.92215
36,0.90408,-0.27296,0.27149,18.17377,25.0557,-23.31614,0.90408,-0.27296,0.27149,18.17377,25.0557,-23.31614,0.90408,-0.27296,0.27149,18.17377,25.0557,-23.31614
37,0.82009,-0.30128,0.27296,31.69347,26.90207,-40.20814,0.82009,-0.30128,0.27296,31.69347,26.90207,-40.20814,0.82009,-0.30128,0.27296,31.69347,26.90207,-40.20814
38,0.7842,-0.29762,0.24854,50.50813,25.9331,-48.63124,0.7842,-0.29762,0.24854,50.50813,25.9331,-48.63124,0.7842,-0.29762,0.24854,50.50813,25.9331,-48.63124
39,0.7405,-0.24512,0.25953,25.26933,25.4677,-24.95651,0.7405,-0.24512,0.25953,25.26933,25.4677,-24.95651,0.7405,-0.24512,0.25953,25.26933,25.4677,-24.95651
40,0.67653,-0.2273,0.23682,-15.77044,26.41377,8.33918,0.67653,-0.2273,0.23682,-15.77044,26.41377,8.33918,0.67653,-0.2273,0.23682,-15.77044,26.41377,8.33918
41,0.61208,-0.19922,0.23487,-38.53725,28.64925,31.02969,0.61208,-0.19922,0.23487,-38.53725,28.64925,31.02969,0.61208,-0.19922,0.23487,-38.53725,28.64925,31.02969
42,0.52223,-0.1521,0.19166,-50.60732,31.40355,58.83969,0.52223,-0.1521,0.19166,-50.60732,31.40355,58.83969,0.52223,-0.1521,0.19166,-50.60732,31.40355,58.83969
43,0.47536,-0.10694,0.17554,-56.94754,28.0694,84.31501,0.47536,-0.10694,0.17554,-56.94754,28.0694,84.31501,0.47536,-0.10694,0.17554,-56.94754,28.0694,84.31501
44,0.48732,-0.0166,0.19117,-34.77584,17.6397,70.71902,0.48732,-0.0166,0.19117,-34.77584,17.6397,70.71902,0.48732,-0.0166,0.19117,-34.77584,17.6397,70.71902
45,0.59719,0.04419,0.23316,-2.18207,13.55785,36.96555,0.59719,0.04419,0.23316,-2.18207,13.55785,36.96555,0.59719,0.04419,0.23316,-2.18207,13.55785,36.96555
46,0.69143,0.03467,0.23511,23.14829,12.98563,17.9754,0.69143,0.03467,0.23511,23.14829,12.98563,17.9754,0.69143,0.03467,0.23511,23.14829,12.98563,17.9754
47,0.73684,0.06714,0.28248,30.08362,12.34474,21.11118,0.73684,0.06714,0.28248,30.08362,12.34474,21.11118,0.73684,0.06714,0.28248,30.08362,12.34474,21.11118
48,0.68337,0.07617,0.23927,4.47859,11.45207,31.41881,0.68337,0.07617,0.23927,4.47859,11.45207,31.41881,0.68337,0.07617,0.23927,4.47859,11.45207,31.41881
49,0.66652,0.11621,0.19141,-13.802,5.01267,38.47621,0.66652,0.11621,0.19141,-13.802,5.01267,38.47621,0.66652,0.11621,0.19141,-13.802,5.01267,38.47621
50,0.76394,0.2317,0.21363,-31.1594,1.93793,37.24784,0.76394,0.2317,0.21363,-31.1594,1.93793,37.24784,0.76394,0.2317,0.21363,-31.1594,1.93793,37.24784
51,0.89285,0.26881,0.32447,-30.55666,-8.41548,31.47984,0.89285,0.26881,0.32447,-30.55666,-8.41548,31.47984,0.89285,0.26881,0.32447,-30.55666,-8.41548,31.47984
52,0.99808,0.3235,0.31617,-21.71392,-8.49178,36.50014,0.99808,0.3235,0.31617,-21.71392,-8.49178,36.50014,0.99808,0.3235,0.31617,-21.71392,-8.49178,36.50014
53,1.08231,0.40065,0.37111,-4.95163,-11.35289,30.08362,1.08231,0.40065,0.37111,-4.95163,-11.35289,30.08362,1.08231,0.40065,0.37111,-4.95163,-11.35289,30.08362
54,1.10575,0.43312,0.38404,13.52733,-17.18955,3.10526,1.10575,0.43312,0.38404,13.52733,-17.18955,3.10526,1.10575,0.43312,0.38404,13.52733,-17.18955,3.10526
55,1.14212,0.45021,0.31593,26.58925,-18.64681,-4.89059,1.14212,0.45021,0.31593,26.58925,-18.64681,-4.89059,1.14212,0.45021,0.31593,26.58925,-18.64681,-4.89059
56,1.16556,0.39454,0.33326,24.53688,-29.90814,-11.30711,1.16556,0.39454,0.33326,24.53688,-29.90814,-11.30711,1.16556,0.39454,0.33326,24.53688,-29.90814,-11.30711
57,1.21268,0.35475,0.38453,23.35429,-31.37303,-14.25977,1.21268,0.35475,0.38453,23.35429,-31.37303,-14.25977,1.21268,0.35475,0.38453,23.35429,-31.37303,-14.25977
58,1.28202,0.33302,0.39991,26.87918,-27.48192,-29.4351,1.28202,0.33302,0.39991,26.87918,-27.48192,-29.4351,1.28202,0.33302,0.39991,26.87918,-27.48192,-29.4351
59,1.34086,0.27393,0.39845,11.76488,-24.51399,-42.5428,1.34086,0.27393,0.39845,11.76488,-24.51399,-42.5428,1.34086,0.27393,0.39845,11.76488,-24.51399,-42.5428
60,1.4583,0.27369,0.51466,-2.8077,-19.68444,-53.45317,1.4583,0.27369,0.51466,-2.8077,-19.68444,-53.45317,1.4583,0.27369,0.51466,-2.8077,-19.68444,-53.45317
61,1.52959,0.25001,0.55275,6.90481,-10.84933,-67.8808,1.52959,0.25001,0.55275,6.90481,-10.84933,-67.8808,1.52959,0.25001,0.55275,6.90481,-10.84933,-67.8808
62,1.47319,0.21436,0.52321,9.40733,-4.53963,-78.08923,1.47319,0.21436,0.52321,9.40733,-4.53963,-78.08923,1.47319,0.21436,0.52321,9.40733,-4.53963,-78.08923
63,1.50737,0.1482,0.54201,24.8497,-2.87637,-85.35264,1.50737,0.1482,0.54201,24.8497,-2.87637,-85.35264,1.50737,0.1482,0.54201,24.8497,-2.87637,-85.35264
64,1.52055,0.00488,0.58498,42.39784,3.46385,-90.16694,1.52055,0.00488,0.58498,42.39784,3.46385,-90.16694,1.52055,0.00488,0.58498,42.39784,3.46385,-90.16694
65,1.46709,-0.13477,0.5818,54.34584,4.49385,-90.67049,1.46709,-0.13477,0.5818,54.34584,4.49385,-90.67049,1.46709,-0.13477,0.5818,54.34584,4.49385,-90.67049
66,1.43364,-0.17725,0.58449,48.80672,-2.68563,-84.67361,1.43364,-0.17725,0.58449,48.80672,-2.68563,-84.67361,1.43364,-0.17725,0.58449,48.80672,-2.68563,-84.67361
67,1.44511,-0.26075,0.61574,44.74014,-8.76644,-81.01901,1.44511,-0.26075,0.61574,44.74014,-8.76644,-81.01901,1.44511,-0.26075,0.61574,44.74014,-8.76644,-81.01901
68,1.36332,-0.27833,0.57448,27.32932,-3.62407,-65.39354,1.36332,-0.27833,0.57448,27.32932,-3.62407,-65.39354,1.36332,-0.27833,0.57448,27.32932,-3.62407,-65.39354
69,1.27665,-0.24268,0.5696,21.8131,-5.80615,-63.69213,1.27665,-0.24268,0.5696,21.8131,-5.80615,-63.69213,1.27665,-0.24268,0.5696,21.8131,-5.80615,-63.69213
70,1.17777,-0.2522,0.50758,18.60866,-2.01422,-62.66213,1.17777,-0.2522,0.50758,18.60866,-2.01422,-62.66213,1.17777,-0.2522,0.50758,18.60866,-2.01422,-62.66213
71,1.11161,-0.24976,0.51637,14.45051,-9.59044,-51.66784,1.11161,-0.24976,0.51637,14.45051,-9.59044,-51.66784,1.11161,-0.24976,0.51637,14.45051,-9.59044,-51.66784
72,1.00003,-0.22559,0.41993,22.57607,-13.56548,-48.89828,1.00003,-0.22559,0.41993,22.57607,-13.56548,-48.89828,1.00003,-0.22559,0.41993,22.57607,-13.56548,-48.89828
73,0.93094,-0.21216,0.36622,20.22614,-25.3914,-35.56932,0.93094,-0.21216,0.36622,20.22614,-25.3914,-35.56932,0.93094,-0.21216,0.36622,20.22614,-25.3914,-35.56932
74,0.77908,-0.20215,0.30079,32.54799,-28.29066,-47.83776,0.77908,-0.20215,0.30079,32.54799,-28.29066,-47.83776,0.77908,-0.20215,0.30079,32.54799,-28.29066,-47.83776
75,0.76052,-0.15577,0.22462,42.72591,-31.2891,-56.67287,0.76052,-0.15577,0.22462,42.72591,-31.2891,-56.67287,0.76052,-0.15577,0.22462,42.72591,-31.2891,-56.67287
76,0.72146,-0.15332,0.26466,51.17954,-54.26954,-63.49376,0.72146,-0.15332,0.26466,51.17954,-54.26954,-63.49376,0.72146,-0.15332,0.26466,51.17954,-54.26954,-63.49376
77,0.69875,-0.03858,0.21558,75.64776,-59.66368,-69.22361,0.69875,-0.03858,0.21558,75.64776,-59.66368,-69.22361,0.69875,-0.03858,0.21558,75.64776,-59.66368,-69.22361
78,0.63161,0.07129,0.24195,92.89072,-92.73812,-73.70983,0.63161,0.07129,0.24195,92.89072,-92.73812,-73.70983,0.63161,0.07129,0.24195,92.89072,-92.73812,-73.70983
79,0.46413,0.04566,-0.02661,43.89325,-84.49049,-57.92413,0.46413,0.04566,-0.02661,43.89325,-84.49049,-57.92413,0.46413,0.04566,-0.02661,43.89325,-84.49049,-57.92413
80,0.38868,0.06348,0.06983,-9.84985,-66.59138,-6.85904,0.38868,0.06348,0.06983,-9.84985,-66.59138,-6.85904,0.38868,0.06348,0.06983,-9.84985,-66.59138,-6.85904
81,0.34791,0.16211,0.03687,-53.23191,-58.03094,43.56517,0.34791,0.16211,0.03687,-53.23191,-58.03094,43.56517,0.34791,0.16211,0.03687,-53.23191,-58.03094,43.56517
82,0.36647,0.32398,-0.03516,-90.60182,-36.99606,96.17908,0.36647,0.32398,-0.03516,-90.60182,-36.99606,96.17908,0.36647,0.32398,-0.03516,-90.60182,-36.99606,96.17908
83,0.46608,0.44118,0.01172,-99.73449,-6.65304,130.97781,0.46608,0.44118,0.01172,-99.73449,-6.65304,130.97781,0.46608,0.44118,0.01172,-99.73449,-6.65304,130.97781
84,0.54933,0.45949,,-106.14338,5.69933,143.94818,0.54933,0.45949,,-106.14338,5.69933,143.94818,0.54933,0.45949,,-106.14338,5.69933,143.94818
85,0.56716,0.48732,0.33155,-50.41658,35.47777,103.42723,0.56716,0.48732,0.33155,-50.41658,35.47777,103.42723,0.56716,0.48732,0.33155,-50.41658,35.47777,103.42723
86,0.68093,0.34449,0.14234,-7.86615,56.65761,39.21629,0.68093,0.34449,0.14234,-7.86615,56.65761,39.21629,0.68093,0.34449,0.14234,-7.86615,56.65761,39.21629
87,0.70803,0.3545,0.08496,-12.88644,58.29798,65.65295,0.70803,0.3545,0.08496,-12.88644,58.29798,65.65295,0.70803,0.3545,0.08496,-12.88644,58.29798,65.65295
88,0.67971,0.37403,0.11792,-27.59636,47.86065,71.58116,0.67971,0.37403,0.11792,-27.59636,47.86065,71.58116,0.67971,0.37403,0.11792,-27.59636,47.86065,71.58116
89,0.75735,0.44899,0.09571,-14.90066,40.87191,50.42421,0.75735,0.44899,0.09571,-14.90066,40.87191,50.42421,0.75735,0.44899,0.09571,-14.90066,40.87191,50.42421
90,0.88137,0.45485,0.15015,-6.07318,35.86688,45.62517,0.88137,0.45485,0.15015,-6.07318,35.86688,45.62517,0.88137,0.45485,0.15015,-6.07318,35.86688,45.62517
91,0.9346,0.44191,0.1709,-3.46385,33.36436,47.24265,0.9346,0.44191,0.1709,-3.46385,33.36436,47.24265,0.9346,0.44191,0.1709,-3.46385,33.36436,47.24265
92,1.01834,0.46388,0.18506,-11.05533,27.62688,51.66021,1.01834,0.46388,0.18506,-11.05533,27.62688,51.66021,1.01834,0.46388,0.18506,-11.05533,27.62688,51.66021
93,1.09256,0.48366,0.20704,-17.03696,22.14881,54.47554,1.09256,0.48366,0.20704,-17.03696,22.14881,54.47554,1.09256,0.48366,0.20704,-17.03696,22.14881,54.47554
94,1.13968,0.41725,0.22559,-3.28837,18.31111,38.94162,1.13968,0.41725,0.22559,-3.28837,18.31111,38.94162,1.13968,0.41725,0.22559,-3.28837,18.31111,38.94162
95,1.16923,0.36842,0.22364,4.38704,19.94385,45.19028,1.16923,0.36842,0.22364,4.38704,19.94385,45.19028,1.16923,0.36842,0.22364,4.38704,19.94385,45.19028
96,1.19828,0.35377,0.30006,-8.02637,24.71236,50.43947,1.19828,0.35377,0.30006,-8.02637,24.71236,50.43947,1.19828,0.35377,0.30006,-8.02637,24.71236,50.43947
97,1.18827,0.38429,0.33106,-11.1774,17.69311,23.30088,1.18827,0.38429,0.33106,-11.1774,17.69311,23.30088,1.18827,0.38429,0.33106,-11.1774,17.69311,23.30088
98,1.22806,0.34816,0.34596,12.73385,10.85696,-9.74303,1.22806,0.34816,0.34596,12.73385,10.85696,-9.74303,1.22806,0.34816,0.34596,12.73385,10.85696,-9.74303
99,1.26054,0.31568,0.34107,1.1063,5.95874,-22.31666,1.26054,0.31568,0.34107,1.1063,5.95874,-22.31666,1.26054,0.31568,0.34107,1.1063,5.95874,-22.31666
100,1.27934,0.31812,0.37892,-28.13044,-5.08133,-18.69259,1.27934,0.31812,0.37892,-28.13044,-5.08133,-18.69259,1.27934,0.31812,0.37892,-28.13044,-5.08133,-18.69259
101,1.27006,0.26832,0.36158,-7.16422,-11.67333,-37.49962,1.27006,0.26832,0.36158,-7.16422,-11.67333,-37.49962,1.27006,0.26832,0.36158,-7.16422,-11.67333,-37.49962
102,1.29569,0.23609,0.4153,0.93844,-8.69777,-41.52806,1.29569,0.23609,0.4153,0.93844,-8.69777,-41.52806,1.29569,0.23609,0.4153,0.93844,-8.69777,-41.52806
103,1.27226,0.1941,0.42189,-0.36622,-1.82348,-27.3217,1.27226,0.1941,0.42189,-0.36622,-1.82348,-27.3217,1.27226,0.1941,0.42189,-0.36622,-1.82348,-27.3217
104,1.24198,0.16553,0.38014,-20.02014,1.60985,-6.75985,1.24198,0.16553,0.38014,-20.02014,1.60985,-6.75985,1.24198,0.16553,0.38014,-20.02014,1.60985,-6.75985
105,1.19047,0.15699,0.40504,-38.06421,-2.18207,-0.76296,1.19047,0.15699,0.40504,-38.06421,-2.18207,-0.76296,1.19047,0.15699,0.40504,-38.06421,-2.18207,-0.76296
106,1.17924,0.18506,0.39528,-30.99155,-9.78118,-24.91836,1.17924,0.18506,0.39528,-30.99155,-9.78118,-24.91836,1.17924,0.18506,0.39528,-30.99155,-9.78118,-24.91836
107,1.2371,0.11158,0.4275,-11.07822,-9.54466,-47.24265,1.2371,0.11158,0.4275,-11.07822,-9.54466,-47.24265,1.2371,0.11158,0.4275,-11.07822,-9.54466,-47.24265
108,1.28202,-0.03027,0.46681,-3.81481,-3.71563,-45.7091,1.28202,-0.03027,0.46681,-3.81481,-3.71563,-45.7091,1.28202,-0.03027,0.46681,-3.81481,-3.71563,-45.7091
109,1.29008,-0.13672,0.4839,-12.21503,7.49992,-17.32688,1.29008,-0.13672,0.4839,-12.21503,7.49992,-17.32688,1.29008,-0.13672,0.4839,-12.21503,7.49992,-17.32688
110,1.22953,-0.14893,0.46974,-35.64562,9.07163,6.88955,1.22953,-0.14893,0.46974,-35.64562,9.07163,6.88955,1.22953,-0.14893,0.46974,-35.64562,9.07163,6.88955
111,1.19926,-0.14917,0.41456,-45.88458,8.62911,22.19459,1.19926,-0.14917,0.41456,-45.88458,8.62911,22.19459,1.19926,-0.14917,0.41456,-45.88458,8.62911,22.19459
112,1.18509,-0.16334,0.40382,-42.22236,4.12763,16.9454,1.18509,-0.16334,0.40382,-42.22236,4.12763,16.9454,1.18509,-0.16334,0.40382,-42.22236,4.12763,16.9454
113,1.18998,-0.20093,0.40651,-25.08621,2.54067,-1.04526,1.18998,-0.20093,0.40651,-25.08621,2.54067,-1.04526,1.18998,-0.20093,0.40651,-25.08621,2.54067,-1.04526
114,1.15311,-0.22242,0.42091,-26.57399,3.4257,7.25578,1.15311,-0.22242,0.42091,-26.57399,3.4257,7.25578,1.15311,-0.22242,0.42091,-26.57399,3.4257,7.25578
115,1.10794,-0.17432,0.37892,-26.86392,6.50807,21.5537,1.10794,-0.17432,0.37892,-26.86392,6.50807,21.5537,1.10794,-0.17432,0.37892,-26.86392,6.50807,21.5537
116,1.04935,-0.09449,0.33448,-17.37266,6.08081,17.27348,1.04935,-0.09449,0.33448,-17.37266,6.08081,17.27348,1.04935,-0.09449,0.33448,-17.37266,6.08081,17.27348
117,1.00272,-0.09009,0.31178,-7.7517,6.50044,7.56096,1.00272,-0.09009,0.31178,-7.7517,6.50044,7.56096,1.00272,-0.09009,0.31178,-7.7517,6.50044,7.56096
118,0.94827,-0.12793,0.27711,-0.28993,3.68511,-6.19526,0.94827,-0.12793,0.27711,-0.28993,3.68511,-6.19526,0.94827,-0.12793,0.27711,-0.28993,3.68511,-6.19526
119,0.92801,-0.13062,0.23511,-10.37629,-1.39622,-10.12452,0.92801,-0.13062,0.23511,-10.37629,-1.39622,-10.12452,0.92801,-0.13062,0.23511,-10.37629,-1.39622,-10.12452
120,0.95364,-0.12989,0.25098,-20.74496,-5.93585,-6.9277,0.95364,-0.12989,0.25098,-20.74496,-5.93585,-6.9277,0.95364,-0.12989,0.25098,-20.74496,-5.93585,-6.9277
121,0.96487,-0.08545,0.25513,-20.37873,-8.28578,-1.97607,0.96487,-0.08545,0.25513,-20.37873,-8.28578,-1.97607,0.96487,-0.08545,0.25513,-20.37873,-8.28578,-1.97607
122,0.93118,-0.06323,0.25538,-15.35081,-3.11289,-3.38755,0.93118,-0.06323,0.25538,-15.35081,-3.11289,-3.38755,0.93118,-0.06323,0.25538,-15.35081,-3.11289,-3.38755
123,0.86038,-0.03833,0.21339,-13.45103,-2.09815,8.62911,0.86038,-0.03833,0.21339,-13.45103,-2.09815,8.62911,0.86038,-0.03833,0.21339,-13.45103,-2.09815,8.62911
124,0.72488,-0.01074,0.20289,4.08185,-0.11444,14.64888,0.72488,-0.01074,0.20289,4.08185,-0.11444,14.64888,0.72488,-0.01074,0.20289,4.08185,-0.11444,14.64888
125,0.65065,-0.00122,0.17017,4.86007,-1.46489,19.40977,0.65065,-0.00122,0.17017,4.86007,-1.46489,19.40977,0.65065,-0.00122,0.17017,4.86007,-1.46489,19.40977
126,0.56642,-0.02222,0.1792,2.24311,0.64852,25.32273,0.56642,-0.02222,0.1792,2.24311,0.64852,25.32273,0.56642,-0.02222,0.1792,2.24311,0.64852,25.32273
127,0.53151,0.05103,0.14942,5.47807,-1.38859,23.32377,0.53151,0.05103,0.14942,5.47807,-1.38859,23.32377,0.53151,0.05103,0.14942,5.47807,-1.38859,23.32377
128,0.54567,0.10352,0.18604,-12.37526,-4.91348,27.7337,0.54567,0.10352,0.18604,-12.37526,-4.91348,27.7337,0.54567,0.10352,0.18604,-12.37526,-4.91348,27.7337
129,0.56447,0.20142,0.18628,-6.03504,-9.26237,16.88437,0.56447,0.20142,0.18628,-6.03504,-9.26237,16.88437,0.56447,0.20142,0.18628,-6.03504,-9.26237,16.88437
130,0.65651,0.26514,0.18799,6.56148,-6.23341,0.32807,0.65651,0.26514,0.18799,6.56148,-6.23341,0.32807,0.65651,0.26514,0.18799,6.56148,-6.23341,0.32807
131,0.7488,0.25391,0.19874,9.22422,-0.70193,-1.59459,0.7488,0.25391,0.19874,9.22422,-0.70193,-1.59459,0.7488,0.25391,0.19874,9.22422,-0.70193,-1.59459
132,0.80471,0.22706,0.20338,6.71407,3.04422,9.53703,0.80471,0.22706,0.20338,6.71407,3.04422,9.53703,0.80471,0.22706,0.20338,6.71407,3.04422,9.53703
133,0.79202,0.19385,0.2234,-4.15052,8.24,33.69244,0.79202,0.19385,0.2234,-4.15052,8.24,33.69244,0.79202,0.19385,0.2234,-4.15052,8.24,33.69244
134,0.76492,0.20142,0.21094,-10.9714,11.65044,55.69628,0.76492,0.20142,0.21094,-10.9714,11.65044,55.69628,0.76492,0.20142,0.21094,-10.9714,11.65044,55.69628
135,0.78396,0.23365,0.19141,-2.16681,4.6617,35.05814,0.78396,0.23365,0.19141,-2.16681,4.6617,35.05814,0.78396,0.23365,0.19141,-2.16681,4.6617,35.05814
136,0.91971,0.30836,0.22462,2.16681,-0.86978,15.70177,0.91971,0.30836,0.22462,2.16681,-0.86978,15.70177,0.91971,0.30836,0.22462,2.16681,-0.86978,15.70177
137,0.98294,0.24854,0.25391,-2.37281,2.36518,10.13977,0.98294,0.24854,0.25391,-2.37281,2.36518,10.13977,0.98294,0.24854,0.25391,-2.37281,2.36518,10.13977
138,1.00125,0.19507,0.28053,-4.23444,7.44652,33.58562,1.00125,0.19507,0.28053,-4.23444,7.44652,33.58562,1.00125,0.19507,0.28053,-4.23444,7.44652,33.58562
139,0.95437,0.21143,0.27662,-10.18555,5.58489,50.67598,0.95437,0.21143,0.27662,-10.18555,5.58489,50.67598,0.95437,0.21143,0.27662,-10.18555,5.58489,50.67598
161,1.21537,-0.04126,0.41212,-25.46007,-2.5483,-0.93081,1.21537,-0.04126,0.41212,-25.46007,-2.5483,-0.93081,1.21537,-0.04126,0.41212,-25.46007,-2.5483,-0.93081
162,1.17997,-0.07056,0.42701,-26.53584,-2.91452,-3.57067,1.17997,-0.07056,0.42701,-26.53584,-2.91452,-3.57067,1.17997,-0.07056,0.42701,-26.53584,-2.91452,-3.57067
163,1.14603,-0.09522,0.40577,-28.56532,-6.76748,-4.75326,1.14603,-0.09522,0.40577,-28.56532,-6.76748,-4.75326,1.14603,-0.09522,0.40577,-28.56532,-6.76748,-4.75326
164,1.12333,-0.08643,0.43629,-26.44429,-7.37785,-9.37681,1.12333,-0.08643,0.43629,-26.44429,-7.37785,-9.37681,1.12333,-0.08643,0.43629,-26.44429,-7.37785,-9.37681
165,1.08597,-0.08838,0.40944,-22.48451,-3.92163,-7.28629,1.08597,-0.08838,0.40944,-22.48451,-3.92163,-7.28629,1.08597,-0.08838,0.40944,-22.48451,-3.92163,-7.28629
166,1.04007,-0.07642,0.39747,-26.14673,2.52541,1.42674,1.04007,-0.07642,0.39747,-26.14673,2.52541,1.42674,1.04007,-0.07642,0.39747,-26.14673,2.52541,1.42674
167,0.9866,-0.07862,0.3628,-31.64769,2.83822,5.15,0.9866,-0.07862,0.3628,-31.64769,2.83822,5.15,0.9866,-0.07862,0.3628,-31.64769,2.83822,5.15
168,0.96536,-0.07788,0.33155,-25.81866,-0.77822,-0.1297,0.96536,-0.07788,0.33155,-25.81866,-0.77822,-0.1297,0.96536,-0.07788,0.33155,-25.81866,-0.77822,-0.1297
169,0.96072,-0.10694,0.33741,-18.97488,-2.25837,1.17496,0.96072,-0.10694,0.33741,-18.97488,-2.25837,1.17496,0.96072,-0.10694,0.33741,-18.97488,-2.25837,1.17496
170,0.94754,-0.1333,0.33619,-14.32081,-0.80874,-3.17392,0.94754,-0.1333,0.33619,-14.32081,-0.80874,-3.17392,0.94754,-0.1333,0.33619,-14.32081,-0.80874,-3.17392
171,0.93924,-0.13746,0.3191,-2.61696,2.66274,-14.84725,0.93924,-0.13746,0.3191,-2.61696,2.66274,-14.84725,0.93924,-0.13746,0.3191,-2.61696,2.66274,-14.84725
172,0.89895,-0.1521,0.2859,2.23548,3.79192,-21.08829,0.89895,-0.1521,0.2859,2.23548,3.79192,-21.08829,0.89895,-0.1521,0.2859,2.23548,3.79192,-21.08829
173,0.93045,-0.13135,0.28346,4.53963,0.86978,-25.30747,0.93045,-0.13135,0.28346,4.53963,0.86978,-25.30747,0.93045,-0.13135,0.28346,4.53963,0.86978,-25.30747
174,0.93973,-0.10889,0.27442,-0.49593,3.17392,-12.45918,0.93973,-0.10889,0.27442,-0.49593,3.17392,-12.45918,0.93973,-0.10889,0.27442,-0.49593,3.17392,-12.45918
175,0.89871,-0.11158,0.27442,-6.36311,5.79852,0.17548,0.89871,-0.11158,0.27442,-6.36311,5.79852,0.17548,0.89871,-0.11158,0.27442,-6.36311,5.79852,0.17548
176,0.80862,-0.08594,0.25489,-13.28318,2.7543,14.51918,0.80862,-0.08594,0.25489,-13.28318,2.7543,14.51918,0.80862,-0.08594,0.25489,-13.28318,2.7543,14.51918
177,0.74172,-0.06079,0.20753,-13.22977,-0.57985,19.44792,0.74172,-0.06079,0.20753,-13.22977,-0.57985,19.44792,0.74172,-0.06079,0.20753,-13.22977,-0.57985,19.44792
178,0.70437,-0.04761,0.21412,-26.31458,-3.4257,32.70058,0.70437,-0.04761,0.21412,-26.31458,-3.4257,32.70058,0.70437,-0.04761,0.21412,-26.31458,-3.4257,32.70058
179,0.68972,-0.0437,0.20386,-35.8211,-9.84222,38.0871,0.68972,-0.0437,0.20386,-35.8211,-9.84222,38.0871,0.68972,-0.0437,0.20386,-35.8211,-9.84222,38.0871
180,0.71291,-0.01733,0.21094,-43.96954,-17.20481,37.83532,0.71291,-0.01733,0.21094,-43.96954,-17.20481,37.83532,0.71291,-0.01733,0.21094,-43.96954,-17.20481,37.83532
181,0.77932,0.0647,0.19459,-35.79821,-15.47288,35.05814,0.77932,0.0647,0.19459,-35.79821,-15.47288,35.05814,0.77932,0.0647,0.19459,-35.79821,-15.47288,35.05814
182,0.78518,0.1128,0.21998,-25.00229,-14.03851,32.7311,0.78518,0.1128,0.21998,-25.00229,-14.03851,32.7311,0.78518,0.1128,0.21998,-25.00229,-14.03851,32.7311
183,0.80764,0.14185,0.2046,-4.37941,-11.61992,17.47948,0.80764,0.14185,0.2046,-4.37941,-11.61992,17.47948,0.80764,0.14185,0.2046,-4.37941,-11.61992,17.47948
184,0.80276,0.1753,0.25587,-8.93429,-11.55126,22.4311,0.80276,0.1753,0.25587,-8.93429,-11.55126,22.4311,0.80276,0.1753,0.25587,-8.93429,-11.55126,22.4311
185,0.77786,0.16871,0.23121,-6.34785,-5.2797,23.85022,0.77786,0.16871,0.23121,-6.34785,-5.2797,23.85022,0.77786,0.16871,0.23121,-6.34785,-5.2797,23.85022
186,0.73806,0.16358,0.19337,-8.60622,-1.59459,32.89895,0.73806,0.16358,0.19337,-8.60622,-1.59459,32.89895,0.73806,0.16358,0.19337,-8.60622,-1.59459,32.89895
187,0.74587,0.19166,0.18995,-5.92059,-4.00555,34.38673,0.74587,0.19166,0.18995,-5.92059,-4.00555,34.38673,0.74587,0.19166,0.18995,-5.92059,-4.00555,34.38673
188,0.80593,0.20338,0.17823,-2.46437,-4.95926,30.25147,0.80593,0.20338,0.17823,-2.46437,-4.95926,30.25147,0.80593,0.20338,0.17823,-2.46437,-4.95926,30.25147
189,0.88357,0.20899,0.22193,-4.10474,-4.42518,26.82577,0.88357,0.20899,0.22193,-4.10474,-4.42518,26.82577,0.88357,0.20899,0.22193,-4.10474,-4.42518,26.82577
190,0.92093,0.22193,0.23267,1.30467,-1.11393,20.22614,0.92093,0.22193,0.23267,1.30467,-1.11393,20.22614,0.92093,0.22193,0.23267,1.30467,-1.11393,20.22614
191,0.91849,0.23658,0.24049,7.26341,3.65459,21.42399,0.91849,0.23658,0.24049,7.26341,3.65459,21.42399,0.91849,0.23658,0.24049,7.26341,3.65459,21.42399
192,0.91531,0.23389,0.21754,5.75274,3.56304,17.20481,0.91531,0.23389,0.21754,5.75274,3.56304,17.20481,0.91531,0.23389,0.21754,5.75274,3.56304,17.20481
193,0.97073,0.26612,0.20631,4.91348,-2.54067,7.004,0.97073,0.26612,0.20631,4.91348,-2.54067,7.004,0.97073,0.26612,0.20631,4.91348,-2.54067,7.004
194,1.09061,0.26051,0.27125,7.02689,-9.94903,-9.28526,1.09061,0.26051,0.27125,7.02689,-9.94903,-9.28526,1.09061,0.26051,0.27125,7.02689,-9.94903,-9.28526
195,1.19486,0.18824,0.29249,8.59096,-6.86666,-10.36103,1.19486,0.18824,0.29249,8.59096,-6.86666,-10.36103,1.19486,0.18824,0.29249,8.59096,-6.86666,-10.36103
196,1.19755,0.15186,0.28809,6.85904,-2.89163,-1.58696,1.19755,0.15186,0.28809,6.85904,-2.89163,-1.58696,1.19755,0.15186,0.28809,6.85904,-2.89163,-1.58696
197,1.18607,0.15137,0.29786,-0.6943,-1.74718,10.91037,1.18607,0.15137,0.29786,-0.6943,-1.74718,10.91037,1.18607,0.15137,0.29786,-0.6943,-1.74718,10.91037
198,1.16971,0.20289,0.29322,-1.84637,-3.12052,7.36259,1.16971,0.20289,0.29322,-1.84637,-3.12052,7.36259,1.16971,0.20289,0.29322,-1.84637,-3.12052,7.36259
199,1.13871,0.24415,0.29469,0.72481,-5.21867,-6.08844,1.13871,0.24415,0.29469,0.72481,-5.21867,-6.08844,1.13871,0.24415,0.29469,0.72481,-5.21867,-6.08844
200,1.14847,0.21802,0.29518,8.02637,-7.24052,-26.52821,1.14847,0.21802,0.29518,8.02637,-7.24052,-26.52821,1.14847,0.21802,0.29518,8.02637,-7.24052,-26.52821
201,1.1514,0.16407,0.31031,19.38688,-7.29392,-33.1431,1.1514,0.16407,0.31031,19.38688,-7.29392,-33.1431,1.1514,0.16407,0.31031,19.38688,-7.29392,-33.1431
202,1.15946,0.15332,0.30811,34.1731,-6.24866,-38.20918,1.15946,0.15332,0.30811,34.1731,-6.24866,-38.20918,1.15946,0.15332,0.30811,34.1731,-6.24866,-38.20918
203,1.11917,0.15894,0.29273,48.76858,-3.51726,-48.37947,1.11917,0.15894,0.29273,48.76858,-3.51726,-48.37947,1.11917,0.15894,0.29273,48.76858,-3.51726,-48.37947
204,1.11649,0.12745,0.29176,55.75732,3.32652,-52.64443,1.11649,0.12745,0.29176,55.75732,3.32652,-52.64443,1.11649,0.12745,0.29176,55.75732,3.32652,-52.64443
205,1.11185,0.03394,0.30421,56.45161,1.80822,-51.6068,1.11185,0.03394,0.30421,56.45161,1.80822,-51.6068,1.11185,0.03394,0.30421,56.45161,1.80822,-51.6068
206,1.2183,-0.02661,0.4153,63.15805,2.09052,-59.39665,1.2183,-0.02661,0.4153,63.15805,2.09052,-59.39665,1.2183,-0.02661,0.4153,63.15805,2.09052,-59.39665
207,1.29325,0.08887,0.45827,28.03125,-5.08133,-24.27747,1.29325,0.08887,0.45827,28.03125,-5.08133,-24.27747,1.29325,0.08887,0.45827,28.03125,-5.08133,-24.27747
208,1.1536,-0.02905,0.35694,-31.89947,10.26948,12.46681,1.1536,-0.02905,0.35694,-31.89947,10.26948,12.46681,1.1536,-0.02905,0.35694,-31.89947,10.26948,12.46681
209,1.26225,0.01318,0.45436,7.08792,-3.05948,-31.02969,1.26225,0.01318,0.45436,7.08792,-3.05948,-31.02969,1.26225,0.01318,0.45436,7.08792,-3.05948,-31.02969
210,1.35649,-0.0813,0.50929,4.05896,-5.16526,-35.53117,1.35649,-0.0813,0.50929,4.05896,-5.16526,-35.53117,1.35649,-0.0813,0.50929,4.05896,-5.16526,-35.53117
211,1.356,-0.17481,0.57009,-17.12851,11.69622,-3.06711,1.356,-0.17481,0.57009,-17.12851,11.69622,-3.06711,1.356,-0.17481,0.57009,-17.12851,11.69622,-3.06711
212,1.32109,-0.17945,0.5193,-36.53065,12.36,27.87103,1.32109,-0.17945,0.5193,-36.53065,12.36,27.87103,1.32109,-0.17945,0.5193,-36.53065,12.36,27.87103
213,1.24613,-0.14502,0.47877,-46.03717,11.83355,44.64095,1.24613,-0.14502,0.47877,-46.03717,11.83355,44.64095,1.24613,-0.14502,0.47877,-46.03717,11.83355,44.64095
214,1.17679,-0.10157,0.44704,-42.83273,6.64541,31.33488,1.17679,-0.10157,0.44704,-42.83273,6.64541,31.33488,1.17679,-0.10157,0.44704,-42.83273,6.64541,31.33488
215,1.08524,-0.14551,0.42604,-42.17658,3.99792,18.51711,1.08524,-0.14551,0.42604,-42.17658,3.99792,18.51711,1.08524,-0.14551,0.42604,-42.17658,3.99792,18.51711
216,1.04276,-0.09229,0.37355,-34.9971,4.24207,9.064,1.04276,-0.09229,0.37355,-34.9971,4.24207,9.064,1.04276,-0.09229,0.37355,-34.9971,4.24207,9.064
217,1.01395,-0.06958,0.35377,-25.73473,0.12207,-3.50963,1.01395,-0.06958,0.35377,-25.73473,0.12207,-3.50963,1.01395,-0.06958,0.35377,-25.73473,0.12207,-3.50963
218,1.03812,-0.02344,0.33863,-11.06296,1.41148,-17.55577,1.03812,-0.02344,0.33863,-11.06296,1.41148,-17.55577,1.03812,-0.02344,0.33863,-11.06296,1.41148,-17.55577
219,0.96951,-0.12769,0.34083,-5.26444,8.33155,-27.52769,0.96951,-0.12769,0.34083,-5.26444,8.33155,-27.52769,0.96951,-0.12769,0.34083,-5.26444,8.33155,-27.52769
220,0.9556,-0.11792,0.26759,-2.1897,9.97955,-20.4474,0.9556,-0.11792,0.26759,-2.1897,9.97955,-20.4474,0.9556,-0.11792,0.26759,-2.1897,9.97955,-20.4474
221,0.93435,-0.13648,0.27784,-9.35392,3.12815,-15.72466,0.93435,-0.13648,0.27784,-9.35392,3.12815,-15.72466,0.93435,-0.13648,0.27784,-9.35392,3.12815,-15.72466
222,0.92337,-0.12183,0.27735,-16.83096,-6.11896,-15.43474,0.92337,-0.12183,0.27735,-16.83096,-6.11896,-15.43474,0.92337,-0.12183,0.27735,-16.83096,-6.11896,-15.43474
223,0.91922,-0.10987,0.28321,-9.3997,-8.61385,-24.45296,0.91922,-0.10987,0.28321,-9.3997,-8.61385,-24.45296,0.91922,-0.10987,0.28321,-9.3997,-8.61385,-24.45296
224,0.89749,-0.09742,0.23804,-2.31941,-10.69674,-25.52873,0.89749,-0.09742,0.23804,-2.31941,-10.69674,-25.52873,0.89749,-0.09742,0.23804,-2.31941,-10.69674,-25.52873
225,0.89724,-0.06104,0.24805,-8.08741,-17.304,-21.95807,0.89724,-0.06104,0.24805,-8.08741,-17.304,-21.95807,0.89724,-0.06104,0.24805,-8.08741,-17.304,-21.95807
226,0.85159,-0.03027,0.20631,-16.91488,-24.81155,-15.83911,0.85159,-0.03027,0.20631,-16.91488,-24.81155,-15.83911,0.85159,-0.03027,0.20631,-16.91488,-24.81155,-15.83911
227,0.83279,-0.02759,0.23145,-27.3217,-32.70058,-6.89718,0.83279,-0.02759,0.23145,-27.3217,-32.70058,-6.89718,0.83279,-0.02759,0.23145,-27.3217,-32.70058,-6.89718
228,0.7908,-0.00757,0.24073,-29.16807,-34.73769,7.99585,0.7908,-0.00757,0.24073,-29.16807,-34.73769,7.99585,0.7908,-0.00757,0.24073,-29.16807,-34.73769,7.99585
229,0.7217,-0.03296,0.19239,-36.13391,-37.72088,19.87518,0.7217,-0.03296,0.19239,-36.13391,-37.72088,19.87518,0.7217,-0.03296,0.19239,-36.13391,-37.72088,19.87518
230,0.68703,0.02954,0.17261,-50.97354,-38.89584,41.04739,0.68703,0.02954,0.17261,-50.97354,-38.89584,41.04739,0.68703,0.02954,0.17261,-50.97354,-38.89584,41.04739
231,0.66921,0.03418,0.1543,-59.47295,-59.58739,42.75643,0.66921,0.03418,0.1543,-59.47295,-59.58739,42.75643,0.66921,0.03418,0.1543,-59.47295,-59.58739,42.75643
232,0.71609,0.05982,0.20069,-43.94666,-48.60073,33.20414,0.71609,0.05982,0.20069,-43.94666,-48.60073,33.20414,0.71609,0.05982,0.20069,-43.94666,-48.60073,33.20414
233,0.75491,0.1045,0.13916,-25.75762,-37.24784,27.55058,0.75491,0.1045,0.13916,-25.75762,-37.24784,27.55058,0.75491,0.1045,0.13916,-25.75762,-37.24784,27.55058
234,0.77639,0.19703,0.15967,-23.60607,-34.76058,22.61422,0.77639,0.19703,0.15967,-23.60607,-34.76058,22.61422,0.77639,0.19703,0.15967,-23.60607,-34.76058,22.61422
235,0.78909,0.2566,0.18116,-13.802,-23.15592,14.214,0.78909,0.2566,0.18116,-13.802,-23.15592,14.214,0.78909,0.2566,0.18116,-13.802,-23.15592,14.214
236,0.77956,0.19776,0.18213,-13.84014,-8.26289,17.74651,0.77956,0.19776,0.18213,-13.84014,-8.26289,17.74651,0.77956,0.19776,0.18213,-13.84014,-8.26289,17.74651
237,0.7593,0.17139,0.17481,-14.93118,5.37889,35.57695,0.7593,0.17139,0.17481,-14.93118,5.37889,35.57695,0.7593,0.17139,0.17481,-14.93118,5.37889,35.57695
238,0.74319,0.17627,0.15943,-10.24659,10.42207,48.82962,0.74319,0.17627,0.15943,-10.24659,10.42207,48.82962,0.74319,0.17627,0.15943,-10.24659,10.42207,48.82962
239,0.77322,0.20338,0.16041,-10.98666,14.10718,48.89065,0.77322,0.20338,0.16041,-10.98666,14.10718,48.89065,0.77322,0.20338,0.16041,-10.98666,14.10718,48.89065
240,0.8345,0.23267,0.20582,8.68252,13.33659,21.60711,0.8345,0.23267,0.20582,8.68252,13.33659,21.60711,0.8345,0.23267,0.20582,8.68252,13.33659,21.60711
241,0.90677,0.24293,0.18336,23.96466,18.76888,-2.08289,0.90677,0.24293,0.18336,23.96466,18.76888,-2.08289,0.90677,0.24293,0.18336,23.96466,18.76888,-2.08289
242,0.95999,0.22755,0.21949,19.0817,18.88333,-3.97504,0.95999,0.22755,0.21949,19.0817,18.88333,-3.97504,0.95999,0.22755,0.21949,19.0817,18.88333,-3.97504
243,0.97269,0.22803,0.21607,14.5497,25.74999,7.59911,0.97269,0.22803,0.21607,14.5497,25.74999,7.59911,0.97269,0.22803,0.21607,14.5497,25.74999,7.59911
244,0.96609,0.18189,0.19337,12.92459,21.72918,3.22733,0.96609,0.18189,0.19337,12.92459,21.72918,3.22733,0.96609,0.18189,0.19337,12.92459,21.72918,3.22733
245,1.01517,0.18091,0.18555,9.00296,14.12244,-1.3657,1.01517,0.18091,0.18555,9.00296,14.12244,-1.3657,1.01517,0.18091,0.18555,9.00296,14.12244,-1.3657
246,1.14505,0.16089,0.25416,7.29392,9.45311,0.15259,1.14505,0.16089,0.25416,7.29392,9.45311,0.15259,1.14505,0.16089,0.25416,7.29392,9.45311,0.15259
247,1.18632,0.14014,0.28224,3.8377,13.06955,14.93118,1.18632,0.14014,0.28224,3.8377,13.06955,14.93118,1.18632,0.14014,0.28224,3.8377,13.06955,14.93118
248,1.12503,0.14942,0.2815,3.19681,23.91888,34.47066,1.12503,0.14942,0.2815,3.19681,23.91888,34.47066,1.12503,0.14942,0.2815,3.19681,23.91888,34.47066
249,0.95853,0.09668,0.23316,-2.07526,23.30851,50.72939,0.95853,0.09668,0.23316,-2.07526,23.30851,50.72939,0.95853,0.09668,0.23316,-2.07526,23.30851,50.72939
250,1.04959,0.12989,0.21998,-17.6397,21.39347,39.06369,1.04959,0.12989,0.21998,-17.6397,21.39347,39.06369,1.04959,0.12989,0.21998,-17.6397,21.39347,39.06369
251,1.18436,0.0647,0.32618,-17.60918,5.0737,16.48,1.18436,0.0647,0.32618,-17.60918,5.0737,16.48,1.18436,0.0647,0.32618,-17.60918,5.0737,16.48
252,1.2581,0.0376,0.33082,-3.86059,-1.854,-8.15607,1.2581,0.0376,0.33082,-3.86059,-1.854,-8.15607,1.2581,0.0376,0.33082,-3.86059,-1.854,-8.15607
253,1.29032,0.04712,0.34132,0.81637,-0.26704,-14.19874,1.29032,0.04712,0.34132,0.81637,-0.26704,-14.19874,1.29032,0.04712,0.34132,0.81637,-0.26704,-14.19874
254,1.27616,0.08936,0.34986,2.884,0.83926,-11.28422,1.27616,0.08936,0.34986,2.884,0.83926,-11.28422,1.27616,0.08936,0.34986,2.884,0.83926,-11.28422
255,1.22538,0.13404,0.33375,14.31318,-2.84585,-23.0491,1.22538,0.13404,0.33375,14.31318,-2.84585,-23.0491,1.22538,0.13404,0.33375,14.31318,-2.84585,-23.0491
256,1.18314,0.10327,0.32398,15.44237,-5.23392,-23.57555,1.18314,0.10327,0.32398,15.44237,-5.23392,-23.57555,1.18314,0.10327,0.32398,15.44237,-5.23392,-23.57555
257,1.1702,0.07788,0.31593,-2.45674,-5.02029,-12.59651,1.1702,0.07788,0.31593,-2.45674,-5.02029,-12.59651,1.1702,0.07788,0.31593,-2.45674,-5.02029,-12.59651
258,1.1287,0.03906,0.33155,-18.34925,-2.47963,2.79244,1.1287,0.03906,0.33155,-18.34925,-2.47963,2.79244,1.1287,0.03906,0.33155,-18.34925,-2.47963,2.79244
259,1.08036,-0.00342,0.29835,-26.40614,-1.70904,3.09763,1.08036,-0.00342,0.29835,-26.40614,-1.70904,3.09763,1.08036,-0.00342,0.29835,-26.40614,-1.70904,3.09763
260,1.10575,-0.03101,0.29273,-31.84607,-3.79192,1.47252,1.10575,-0.03101,0.29273,-31.84607,-3.79192,1.47252,1.10575,-0.03101,0.29273,-31.84607,-3.79192,1.47252
261,1.13675,-0.04151,0.3003,-31.88421,-3.09763,4.82192,1.13675,-0.04151,0.3003,-31.88421,-3.09763,4.82192,1.13675,-0.04151,0.3003,-31.88421,-3.09763,4.82192
262,1.17191,-0.05103,0.33497,-21.42399,-4.60067,-7.85852,1.17191,-0.05103,0.33497,-21.42399,-4.60067,-7.85852,1.17191,-0.05103,0.33497,-21.42399,-4.60067,-7.85852
263,1.21146,-0.11866,0.3611,-5.82141,-2.68563,-26.58925,1.21146,-0.11866,0.3611,-5.82141,-2.68563,-26.58925,1.21146,-0.11866,0.3611,-5.82141,-2.68563,-26.58925
264,1.21732,-0.20191,0.34864,-3.54015,0.52644,-23.68999,1.21732,-0.20191,0.34864,-3.54015,0.52644,-23.68999,1.21732,-0.20191,0.34864,-3.54015,0.52644,-23.68999
265,1.22538,-0.25806,0.36451,-6.49281,3.02896,-16.1214,1.22538,-0.25806,0.36451,-6.49281,3.02896,-16.1214,1.22538,-0.25806,0.36451,-6.49281,3.02896,-16.1214
266,1.20609,-0.27418,0.34474,-13.78674,7.09555,4.22681,1.20609,-0.27418,0.34474,-13.78674,7.09555,4.22681,1.20609,-0.27418,0.34474,-13.78674,7.09555,4.22681
267,1.18485,-0.23927,0.36329,-32.70821,13.82488,44.75539,1.18485,-0.23927,0.36329,-32.70821,13.82488,44.75539,1.18485,-0.23927,0.36329,-32.70821,13.82488,44.75539
268,1.14701,-0.19434,0.30885,-35.31755,12.34474,52.58339,1.14701,-0.19434,0.30885,-35.31755,12.34474,52.58339,1.14701,-0.19434,0.30885,-35.31755,12.34474,52.58339
269,1.12333,-0.14893,0.31275,-36.79769,10.71963,51.92724,1.12333,-0.14893,0.31275,-36.79769,10.71963,51.92724,1.12333,-0.14893,0.31275,-36.79769,10.71963,51.92724
270,1.09769,-0.16065,0.3108,-34.11206,9.46837,33.92132,1.09769,-0.16065,0.3108,-34.11206,9.46837,33.92132,1.09769,-0.16065,0.3108,-34.11206,9.46837,33.92132
271,1.02322,-0.21583,0.29884,-22.87362,3.99792,8.07978,1.02322,-0.21583,0.29884,-22.87362,3.99792,8.07978,1.02322,-0.21583,0.29884,-22.87362,3.99792,8.07978
272,1.01102,-0.24146,0.30152,-12.10059,-3.31889,-17.18955,1.01102,-0.24146,0.30152,-12.10059,-3.31889,-17.18955,1.01102,-0.24146,0.30152,-12.10059,-3.31889,-17.18955
273,1.00467,-0.23536,0.27662,-12.39051,-8.40785,-16.57155,1.00467,-0.23536,0.27662,-12.39051,-8.40785,-16.57155,1.00467,-0.23536,0.27662,-12.39051,-8.40785,-16.57155
274,0.96292,-0.24244,0.26759,-7.57622,-8.9877,-16.10614,0.96292,-0.24244,0.26759,-7.57622,-8.9877,-16.10614,0.96292,-0.24244,0.26759,-7.57622,-8.9877,-16.10614
275,0.93924,-0.22193,0.25831,-7.5457,-11.29185,-17.71599,0.93924,-0.22193,0.25831,-7.5457,-11.29185,-17.71599,0.93924,-0.22193,0.25831,-7.5457,-11.29185,-17.71599
276,0.92679,-0.19141,0.23829,-8.52229,-11.63518,-19.23429,0.92679,-0.19141,0.23829,-8.52229,-11.63518,-19.23429,0.92679,-0.19141,0.23829,-8.52229,-11.63518,-19.23429
277,0.88333,-0.22901,0.2317,-0.70193,-13.3137,-25.28459,0.88333,-0.22901,0.2317,-0.70193,-13.3137,-25.28459,0.88333,-0.22901,0.2317,-0.70193,-13.3137,-25.28459
278,0.86819,-0.22657,0.23438,9.62096,-16.23585,-28.45088,0.86819,-0.22657,0.23438,9.62096,-16.23585,-28.45088,0.86819,-0.22657,0.23438,9.62096,-16.23585,-28.45088
279,0.84353,-0.22535,0.2107,16.17481,-20.41688,-28.46614,0.84353,-0.22535,0.2107,16.17481,-20.41688,-28.46614,0.84353,-0.22535,0.2107,16.17481,-20.41688,-28.46614
280,0.84597,-0.23438,0.22437,13.67992,-26.0094,-20.36348,0.84597,-0.23438,0.22437,13.67992,-26.0094,-20.36348,0.84597,-0.23438,0.22437,13.67992,-26.0094,-20.36348
281,0.77468,-0.19922,0.21485,-3.63933,-19.37925,3.44096,0.77468,-0.19922,0.21485,-3.63933,-19.37925,3.44096,0.77468,-0.19922,0.21485,-3.63933,-19.37925,3.44096
282,0.74221,-0.11573,0.21802,-19.04355,-22.76681,7.14133,0.74221,-0.11573,0.21802,-19.04355,-22.76681,7.14133,0.74221,-0.11573,0.21802,-19.04355,-22.76681,7.14133
283,0.68459,-0.10791,0.17579,-15.82385,-18.60866,-2.472,0.68459,-0.10791,0.17579,-15.82385,-18.60866,-2.472,0.68459,-0.10791,0.17579,-15.82385,-18.60866,-2.472
284,0.69118,-0.04614,0.1587,-13.20689,-17.41081,-9.48363,0.69118,-0.04614,0.1587,-13.20689,-17.41081,-9.48363,0.69118,-0.04614,0.1587,-13.20689,-17.41081,-9.48363
285,0.72927,-0.04492,0.16382,-10.05585,-18.54762,-10.78829,0.72927,-0.04492,0.16382,-10.05585,-18.54762,-10.78829,0.72927,-0.04492,0.16382,-10.05585,-18.54762,-10.78829
286,0.74343,-0.00098,0.17481,-1.81585,-21.65288,-14.38948,0.74343,-0.00098,0.17481,-1.81585,-21.65288,-14.38948,0.74343,-0.00098,0.17481,-1.81585,-21.65288,-14.38948
287,0.79543,0.05298,0.16578,1.66326,-17.59392,-13.01614,0.79543,0.05298,0.16578,1.66326,-17.59392,-13.01614,0.79543,0.05298,0.16578,1.66326,-17.59392,-13.01614
288,0.81716,0.09864,0.16529,-11.78014,-15.32029,8.40022,0.81716,0.09864,0.16529,-11.78014,-15.32029,8.40022,0.81716,0.09864,0.16529,-11.78014,-15.32029,8.40022
289,0.82864,0.13208,0.15113,-15.86963,-9.84985,18.56288,0.82864,0.13208,0.15113,-15.86963,-9.84985,18.56288,0.82864,0.13208,0.15113,-15.86963,-9.84985,18.56288
290,0.86477,0.16626,0.15332,-12.21503,-3.41044,19.82177,0.86477,0.16626,0.15332,-12.21503,-3.41044,19.82177,0.86477,0.16626,0.15332,-12.21503,-3.41044,19.82177
291,0.82156,0.13623,0.13746,-8.33918,-1.1597,21.66814,0.82156,0.13623,0.13746,-8.33918,-1.1597,21.66814,0.82156,0.13623,0.13746,-8.33918,-1.1597,21.66814
292,0.81643,0.06494,0.15625,-14.38948,0.81637,35.77532,0.81643,0.06494,0.15625,-14.38948,0.81637,35.77532,0.81643,0.06494,0.15625,-14.38948,0.81637,35.77532
293,0.79177,0.05493,0.13013,-11.86407,1.56407,49.40184,0.79177,0.05493,0.13013,-11.86407,1.56407,49.40184,0.79177,0.05493,0.13013,-11.86407,1.56407,49.40184
294,0.83084,0.14673,0.13916,-8.14844,-2.38807,39.89532,0.83084,0.14673,0.13916,-8.14844,-2.38807,39.89532,0.83084,0.14673,0.13916,-8.14844,-2.38807,39.89532
295,0.9302,0.19385,0.15137,-0.9537,-4.88296,6.76748,0.9302,0.19385,0.15137,-0.9537,-4.88296,6.76748,0.9302,0.19385,0.15137,-0.9537,-4.88296,6.76748
296,1.02029,0.18262,0.19556,6.04267,-2.83059,-13.3137,1.02029,0.18262,0.19556,6.04267,-2.83059,-13.3137,1.02029,0.18262,0.19556,6.04267,-2.83059,-13.3137
297,1.07498,0.17872,0.23902,7.92718,4.41755,-11.09348,1.07498,0.17872,0.23902,7.92718,4.41755,-11.09348,1.07498,0.17872,0.23902,7.92718,4.41755,-11.09348
298,1.00613,0.14112,0.20801,1.48778,11.09348,6.88955,1.00613,0.14112,0.20801,1.48778,11.09348,6.88955,1.00613,0.14112,0.20801,1.48778,11.09348,6.88955
299,0.94021,0.17042,0.1963,-0.6943,12.36763,29.93866,0.94021,0.17042,0.1963,-0.6943,12.36763,29.93866,0.94021,0.17042,0.1963,-0.6943,12.36763,29.93866
300,0.95145,0.21387,0.21534,11.05533,5.66881,13.596,0.95145,0.21387,0.21534,11.05533,5.66881,13.596,0.95145,0.21387,0.21534,11.05533,5.66881,13.596
301,1.12528,0.20997,0.29469,20.67629,5.2797,-9.30815,1.12528,0.20997,0.29469,20.67629,5.2797,-9.30815,1.12528,0.20997,0.29469,20.67629,5.2797,-9.30815
302,1.22172,0.16724,0.30177,32.83792,10.87222,-30.32014,1.22172,0.16724,0.30177,32.83792,10.87222,-30.32014,1.22172,0.16724,0.30177,32.83792,10.87222,-30.32014
303,1.23466,0.12671,0.28516,37.09525,14.95407,-12.81014,1.23466,0.12671,0.28516,37.09525,14.95407,-12.81014,1.23466,0.12671,0.28516,37.09525,14.95407,-12.81014
304,1.23759,0.2002,0.30006,20.34059,13.10007,1.27415,1.23759,0.2002,0.30006,20.34059,13.10007,1.27415,1.23759,0.2002,0.30006,20.34059,13.10007,1.27415
305,1.22221,0.25562,0.28419,8.62911,10.89511,-1.92267,1.22221,0.25562,0.28419,8.62911,10.89511,-1.92267,1.22221,0.25562,0.28419,8.62911,10.89511,-1.92267
306,1.19657,0.20264,0.29225,12.66518,3.95978,-22.98807,1.19657,0.20264,0.29225,12.66518,3.95978,-22.98807,1.19657,0.20264,0.29225,12.66518,3.95978,-22.98807
307,1.22001,0.16309,0.29249,12.02429,3.27311,-25.46007,1.22001,0.16309,0.29249,12.02429,3.27311,-25.46007,1.22001,0.16309,0.29249,12.02429,3.27311,-25.46007
308,1.19706,0.11304,0.29566,17.98303,3.99792,-21.00436,1.19706,0.11304,0.29566,17.98303,3.99792,-21.00436,1.19706,0.11304,0.29566,17.98303,3.99792,-21.00436
309,1.15946,0.10962,0.27711,21.51555,1.93793,-26.33747,1.15946,0.10962,0.27711,21.51555,1.93793,-26.33747,1.15946,0.10962,0.27711,21.51555,1.93793,-26.33747
310,1.11673,0.11988,0.27662,22.39296,0.14496,-35.09629,1.11673,0.11988,0.27662,22.39296,0.14496,-35.09629,1.11673,0.11988,0.27662,22.39296,0.14496,-35.09629
311,1.08792,0.11109,0.23072,24.4377,-0.1297,-46.57888,1.08792,0.11109,0.23072,24.4377,-0.1297,-46.57888,1.08792,0.11109,0.23072,24.4377,-0.1297,-46.57888
312,1.13871,0.12598,0.26563,13.01614,-3.34941,-40.82614,1.13871,0.12598,0.26563,13.01614,-3.34941,-40.82614,1.13871,0.12598,0.26563,13.01614,-3.34941,-40.82614
313,1.13114,0.07959,0.22852,7.69829,-2.678,-35.84399,1.13114,0.07959,0.22852,7.69829,-2.678,-35.84399,1.13114,0.07959,0.22852,7.69829,-2.678,-35.84399
314,1.14652,0.03858,0.26856,4.96689,-4.4023,-35.76769,1.14652,0.03858,0.26856,4.96689,-4.4023,-35.76769,1.14652,0.03858,0.26856,4.96689,-4.4023,-35.76769
315,1.18461,-0.04395,0.25855,12.99326,-4.50911,-39.61303,1.18461,-0.04395,0.25855,12.99326,-4.50911,-39.61303,1.18461,-0.04395,0.25855,12.99326,-4.50911,-39.61303
316,1.283,-0.11963,0.32447,8.72829,-5.47044,-35.28703,1.283,-0.11963,0.32447,8.72829,-5.47044,-35.28703,1.283,-0.11963,0.32447,8.72829,-5.47044,-35.28703
317,1.29154,-0.14747,0.35182,-4.47096,1.71667,-15.00748,1.29154,-0.14747,0.35182,-4.47096,1.71667,-15.00748,1.29154,-0.14747,0.35182,-4.47096,1.71667,-15.00748
318,1.25639,-0.1587,0.34205,-19.17325,6.56148,-0.93844,1.25639,-0.1587,0.34205,-19.17325,6.56148,-0.93844,1.25639,-0.1587,0.34205,-19.17325,6.56148,-0.93844
319,1.22294,-0.15284,0.34571,-23.82733,7.04978,-1.18259,1.22294,-0.15284,0.34571,-23.82733,7.04978,-1.18259,1.22294,-0.15284,0.34571,-23.82733,7.04978,-1.18259
320,1.18949,-0.18873,0.33497,-22.06488,5.34837,-13.37474,1.18949,-0.18873,0.33497,-22.06488,5.34837,-13.37474,1.18949,-0.18873,0.33497,-22.06488,5.34837,-13.37474
321,1.16605,-0.18506,0.35597,-15.73992,0.99948,-21.30192,1.16605,-0.18506,0.35597,-15.73992,0.99948,-21.30192,1.16605,-0.18506,0.35597,-15.73992,0.99948,-21.30192
322,1.14554,-0.17261,0.3545,-16.09088,5.12711,-21.50792,1.14554,-0.17261,0.3545,-16.09088,5.12711,-21.50792,1.14554,-0.17261,0.3545,-16.09088,5.12711,-21.50792
323,1.07669,-0.15088,0.33619,-16.09851,5.56963,-16.28163,1.07669,-0.15088,0.33619,-16.09851,5.56963,-16.28163,1.07669,-0.15088,0.33619,-16.09851,5.56963,-16.28163
324,1.02982,-0.12012,0.28028,-23.60607,4.18867,-11.44444,1.02982,-0.12012,0.28028,-23.60607,4.18867,-11.44444,1.02982,-0.12012,0.28028,-23.60607,4.18867,-11.44444
325,1.01468,-0.08887,0.25562,-22.94229,1.82348,-5.2797,1.01468,-0.08887,0.25562,-22.94229,1.82348,-5.2797,1.01468,-0.08887,0.25562,-22.94229,1.82348,-5.2797
326,1.00076,-0.0857,0.26734,-13.76385,-1.95318,-10.94851,1.00076,-0.0857,0.26734,-13.76385,-1.95318,-10.94851,1.00076,-0.0857,0.26734,-13.76385,-1.95318,-10.94851
327,0.97171,-0.073,0.26441,-12.87118,-1.67852,-11.2537,0.97171,-0.073,0.26441,-12.87118,-1.67852,-11.2537,0.97171,-0.073,0.26441,-12.87118,-1.67852,-11.2537
328,0.9158,-0.07593,0.22022,-5.43992,-2.73141,-17.04459,0.9158,-0.07593,0.22022,-5.43992,-2.73141,-17.04459,0.9158,-0.07593,0.22022,-5.43992,-2.73141,-17.04459
329,0.88723,-0.10767,0.21509,5.47044,-6.64541,-30.4651,0.88723,-0.10767,0.21509,5.47044,-6.64541,-30.4651,0.88723,-0.10767,0.21509,5.47044,-6.64541,-30.4651
330,0.91385,-0.07715,0.20631,-2.12104,-6.69881,-25.65844,0.91385,-0.07715,0.20631,-2.12104,-6.69881,-25.65844,0.91385,-0.07715,0.20631,-2.12104,-6.69881,-25.65844
331,0.89236,-0.04981,0.17042,-37.93451,-10.3534,-0.45015,0.89236,-0.04981,0.17042,-37.93451,-10.3534,-0.45015,0.89236,-0.04981,0.17042,-37.93451,-10.3534,-0.45015
332,0.87551,-0.04443,0.20533,-61.68554,-9.68963,26.61977,0.87551,-0.04443,0.20533,-61.68554,-9.68963,26.61977,0.87551,-0.04443,0.20533,-61.68554,-9.68963,26.61977
333,0.79373,-0.05322,0.19263,-57.59606,-8.46126,33.20414,0.79373,-0.05322,0.19263,-57.59606,-8.46126,33.20414,0.79373,-0.05322,0.19263,-57.59606,-8.46126,33.20414
334,0.74783,-0.02905,0.16846,-49.95117,-5.89007,42.38258,0.74783,-0.02905,0.16846,-49.95117,-5.89007,42.38258,0.74783,-0.02905,0.16846,-49.95117,-5.89007,42.38258
335,0.68142,0.01367,0.15625,-21.79022,-0.29756,35.5388,0.68142,0.01367,0.15625,-21.79022,-0.29756,35.5388,0.68142,0.01367,0.15625,-21.79022,-0.29756,35.5388
336,0.66286,0.01563,0.15699,-0.50356,-1.86163,15.17533,0.66286,0.01563,0.15699,-0.50356,-1.86163,15.17533,0.66286,0.01563,0.15699,-0.50356,-1.86163,15.17533
337,0.69655,0.0437,0.14478,7.52281,-3.02133,2.83059,0.69655,0.0437,0.14478,7.52281,-3.02133,2.83059,0.69655,0.0437,0.14478,7.52281,-3.02133,2.83059
338,0.77639,0.06323,0.14112,8.09503,-8.36207,-0.66378,0.77639,0.06323,0.14112,8.09503,-8.36207,-0.66378,0.77639,0.06323,0.14112,8.09503,-8.36207,-0.66378
339,0.89627,0.0918,0.19019,8.92666,-9.67437,-0.98422,0.89627,0.0918,0.19019,8.92666,-9.67437,-0.98422,0.89627,0.0918,0.19019,8.92666,-9.67437,-0.98422
340,0.93704,0.17335,0.18653,10.33052,-4.67696,3.2197,0.93704,0.17335,0.18653,10.33052,-4.67696,3.2197,0.93704,0.17335,0.18653,10.33052,-4.67696,3.2197
341,0.90945,0.2168,0.13843,12.34474,-0.24415,8.11029,0.90945,0.2168,0.13843,12.34474,-0.24415,8.11029,0.90945,0.2168,0.13843,12.34474,-0.24415,8.11029
342,0.85916,0.23072,0.15357,7.97296,-4.21155,12.63466,0.85916,0.23072,0.15357,7.97296,-4.21155,12.63466,0.85916,0.23072,0.15357,7.97296,-4.21155,12.63466
343,0.83474,0.20215,0.15625,13.54259,-6.21052,12.47444,0.83474,0.20215,0.15625,13.54259,-6.21052,12.47444,0.83474,0.20215,0.15625,13.54259,-6.21052,12.47444
344,0.84378,0.2129,0.16529,7.30155,-8.37733,18.76888,0.84378,0.2129,0.16529,7.30155,-8.37733,18.76888,0.84378,0.2129,0.16529,7.30155,-8.37733,18.76888
345,0.88284,0.23878,0.14551,0.2823,-9.33103,16.35792,0.88284,0.23878,0.14551,0.2823,-9.33103,16.35792,0.88284,0.23878,0.14551,0.2823,-9.33103,16.35792
346,0.88943,0.25977,0.15772,-3.4257,-6.25629,24.93362,0.88943,0.25977,0.15772,-3.4257,-6.25629,24.93362,0.88943,0.25977,0.15772,-3.4257,-6.25629,24.93362
347,0.87185,0.23951,0.16871,-3.86059,-6.59963,26.01703,0.87185,0.23951,0.16871,-3.86059,-6.59963,26.01703,0.87185,0.23951,0.16871,-3.86059,-6.59963,26.01703
348,0.86453,0.22413,0.18262,-12.84829,-5.58489,30.58718,0.86453,0.22413,0.18262,-12.84829,-5.58489,30.58718,0.86453,0.22413,0.18262,-12.84829,-5.58489,30.58718
349,0.84573,0.21534,0.15796,-16.17481,-0.96896,22.96518,0.84573,0.21534,0.15796,-16.17481,-0.96896,22.96518,0.84573,0.21534,0.15796,-16.17481,-0.96896,22.96518
350,0.88699,0.28492,0.19312,-16.91488,-4.36415,8.89615,0.88699,0.28492,0.19312,-16.91488,-4.36415,8.89615,0.88699,0.28492,0.19312,-16.91488,-4.36415,8.89615
351,0.96731,0.30885,0.24903,-7.73644,-0.15259,-7.49992,0.96731,0.30885,0.24903,-7.73644,-0.15259,-7.49992,0.96731,0.30885,0.24903,-7.73644,-0.15259,-7.49992
352,1.03348,0.25391,0.24293,1.35044,0.9003,-9.88037,1.03348,0.25391,0.24293,1.35044,0.9003,-9.88037,1.03348,0.25391,0.24293,1.35044,0.9003,-9.88037
353,1.02493,0.23487,0.23072,5.68407,1.83874,-2.04474,1.02493,0.23487,0.23072,5.68407,1.83874,-2.04474,1.02493,0.23487,0.23072,5.68407,1.83874,-2.04474
354,1.10355,0.26734,0.23316,-4.87533,-2.49489,13.22977,1.10355,0.26734,0.23316,-4.87533,-2.49489,13.22977,1.10355,0.26734,0.23316,-4.87533,-2.49489,13.22977
355,1.2371,0.2815,0.20264,-17.19718,0.25178,22.11066,1.2371,0.2815,0.20264,-17.19718,0.25178,22.11066,1.2371,0.2815,0.20264,-17.19718,0.25178,22.11066
356,1.27421,0.32618,0.29737,-24.74288,1.96844,19.55474,1.27421,0.32618,0.29737,-24.74288,1.96844,19.55474,1.27421,0.32618,0.29737,-24.74288,1.96844,19.55474
357,1.23295,0.36964,0.31007,-38.25495,7.9577,24.26984,1.23295,0.36964,0.31007,-38.25495,7.9577,24.26984,1.23295,0.36964,0.31007,-38.25495,7.9577,24.26984
358,1.18168,0.36329,0.27491,-49.0051,1.65563,-10.69674,1.18168,0.36329,0.27491,-49.0051,1.65563,-10.69674,1.18168,0.36329,0.27491,-49.0051,1.65563,-10.69674
359,1.20902,0.25416,0.25855,-32.24281,-12.77963,-52.75124,1.20902,0.25416,0.25855,-32.24281,-12.77963,-52.75124,1.20902,0.25416,0.25855,-32.24281,-12.77963,-52.75124
360,1.27006,0.08545,0.27125,-24.31562,-9.75066,-61.79998,1.27006,0.08545,0.27125,-24.31562,-9.75066,-61.79998,1.27006,0.08545,0.27125,-24.31562,-9.75066,-61.79998
361,1.28739,0.04907,0.3274,-40.42939,-7.89666,-28.32881,1.28739,0.04907,0.3274,-40.42939,-7.89666,-28.32881,1.28739,0.04907,0.3274,-40.42939,-7.89666,-28.32881
362,1.23734,0.09717,0.3484,-37.24021,-0.78585,-6.61489,1.23734,0.09717,0.3484,-37.24021,-0.78585,-6.61489,1.23734,0.09717,0.3484,-37.24021,-0.78585,-6.61489
363,1.15067,0.15772,0.30738,-21.01199,-1.89215,-17.78466,1.15067,0.15772,0.30738,-21.01199,-1.89215,-17.78466,1.15067,0.15772,0.30738,-21.01199,-1.89215,-17.78466
364,1.09427,0.17212,0.24415,-3.31126,-5.4857,-45.66332,1.09427,0.17212,0.24415,-3.31126,-5.4857,-45.66332,1.09427,0.17212,0.24415,-3.31126,-5.4857,-45.66332
365,1.10184,0.0918,0.24439,4.34889,-8.72829,-62.89102,1.10184,0.0918,0.24439,4.34889,-8.72829,-62.89102,1.10184,0.0918,0.24439,4.34889,-8.72829,-62.89102
366,1.19169,-0.04883,0.30689,23.45347,-12.55837,-75.02975,1.19169,-0.04883,0.30689,23.45347,-12.55837,-75.02975,1.19169,-0.04883,0.30689,23.45347,-12.55837,-75.02975
367,1.25492,-0.12525,0.36012,27.95495,-5.38652,-54.2848,1.25492,-0.12525,0.36012,27.95495,-5.38652,-54.2848,1.25492,-0.12525,0.36012,27.95495,-5.38652,-54.2848
368,1.23368,-0.08496,0.33155,19.11222,6.49281,-26.74947,1.23368,-0.08496,0.33155,19.11222,6.49281,-26.74947,1.23368,-0.08496,0.33155,19.11222,6.49281,-26.74947
369,1.15458,-0.07324,0.30274,19.12748,0.0763,-26.94021,1.15458,-0.07324,0.30274,19.12748,0.0763,-26.94021,1.15458,-0.07324,0.30274,19.12748,0.0763,-26.94021
370,1.13211,-0.094,0.27027,-1.73956,-3.49437,-16.61733,1.13211,-0.094,0.27027,-1.73956,-3.49437,-16.61733,1.13211,-0.094,0.27027,-1.73956,-3.49437,-16.61733
371,1.21683,-0.13355,0.32154,2.91452,-6.08081,-24.0791,1.21683,-0.13355,0.32154,2.91452,-6.08081,-24.0791,1.21683,-0.13355,0.32154,2.91452,-6.08081,-24.0791
372,1.24662,-0.09326,0.36451,3.47911,-4.71511,-25.1091,1.24662,-0.09326,0.36451,3.47911,-4.71511,-25.1091,1.24662,-0.09326,0.36451,3.47911,-4.71511,-25.1091
373,1.23124,-0.06128,0.32081,-0.72481,8.27815,-29.45799,1.23124,-0.06128,0.32081,-0.72481,8.27815,-29.45799,1.23124,-0.06128,0.32081,-0.72481,8.27815,-29.45799
374,1.17557,-0.02832,0.28321,-3.22733,13.2374,-29.33592,1.17557,-0.02832,0.28321,-3.22733,13.2374,-29.33592,1.17557,-0.02832,0.28321,-3.22733,13.2374,-29.33592
375,1.09745,-0.03003,0.26099,-8.45363,19.37925,-23.52977,1.09745,-0.03003,0.26099,-8.45363,19.37925,-23.52977,1.09745,-0.03003,0.26099,-8.45363,19.37925,-23.52977
376,1.0137,-0.02222,0.2273,-19.3411,20.64577,-8.42311,1.0137,-0.02222,0.2273,-19.3411,20.64577,-8.42311,1.0137,-0.02222,0.2273,-19.3411,20.64577,-8.42311
377,0.95755,-0.01489,0.21607,-16.45711,20.37873,-3.92926,0.95755,-0.01489,0.21607,-16.45711,20.37873,-3.92926,0.95755,-0.01489,0.21607,-16.45711,20.37873,-3.92926
378,0.94436,-0.0332,0.18653,-18.70022,23.97229,-3.54778,0.94436,-0.0332,0.18653,-18.70022,23.97229,-3.54778,0.94436,-0.0332,0.18653,-18.70022,23.97229,-3.54778
379,0.92264,0.00098,0.20972,-10.7654,24.50636,-7.53044,0.92264,0.00098,0.20972,-10.7654,24.50636,-7.53044,0.92264,0.00098,0.20972,-10.7654,24.50636,-7.53044
380,0.96927,0.0647,0.18506,28.28303,32.57088,-28.19147,0.96927,0.0647,0.18506,28.28303,32.57088,-28.19147,0.96927,0.0647,0.18506,28.28303,32.57088,-28.19147
381,0.94754,0.04517,0.15772,39.89532,33.95947,-40.21577,0.94754,0.04517,0.15772,39.89532,33.95947,-40.21577,0.94754,0.04517,0.15772,39.89532,33.95947,-40.21577
382,0.83108,-0.02344,0.13843,19.50896,31.64769,-23.97229,0.83108,-0.02344,0.13843,19.50896,31.64769,-23.97229,0.83108,-0.02344,0.13843,19.50896,31.64769,-23.97229
383,0.72317,-0.01636,0.15235,4.51674,25.01755,8.26289,0.72317,-0.01636,0.15235,4.51674,25.01755,8.26289,0.72317,-0.01636,0.15235,4.51674,25.01755,8.26289
384,0.66213,0.02637,0.1333,10.73489,16.6097,16.46474,0.66213,0.02637,0.1333,10.73489,16.6097,16.46474,0.66213,0.02637,0.1333,10.73489,16.6097,16.46474
385,0.69314,0.02979,0.17481,4.99741,11.00192,20.42451,0.69314,0.02979,0.17481,4.99741,11.00192,20.42451,0.69314,0.02979,0.17481,4.99741,11.00192,20.42451
386,0.75515,0.06055,0.17188,11.27659,6.43941,21.43162,0.75515,0.06055,0.17188,11.27659,6.43941,21.43162,0.75515,0.06055,0.17188,11.27659,6.43941,21.43162
387,0.7781,0.11768,0.16651,1.89215,3.66985,31.89184,0.7781,0.11768,0.16651,1.89215,3.66985,31.89184,0.7781,0.11768,0.16651,1.89215,3.66985,31.89184
388,0.78762,0.17457,0.18775,-11.06296,-3.2197,36.30177,0.78762,0.17457,0.18775,-11.06296,-3.2197,36.30177,0.78762,0.17457,0.18775,-11.06296,-3.2197,36.30177
389,0.77761,0.16749,0.17798,-12.10822,-10.31526,39.13236,0.77761,0.16749,0.17798,-12.10822,-10.31526,39.13236,0.77761,0.16749,0.17798,-12.10822,-10.31526,39.13236
390,0.83157,0.26856,0.20435,-29.78607,-13.34422,53.37687,0.83157,0.26856,0.20435,-29.78607,-13.34422,53.37687,0.83157,0.26856,0.20435,-29.78607,-13.34422,53.37687
391,0.85086,0.29884,0.22022,-62.34932,-13.8554,68.7582,0.85086,0.29884,0.22022,-62.34932,-13.8554,68.7582,0.85086,0.29884,0.22022,-62.34932,-13.8554,68.7582
392,0.86209,0.27345,0.18531,-80.98087,-12.03192,76.52516,0.86209,0.27345,0.18531,-80.98087,-12.03192,76.52516,0.86209,0.27345,0.18531,-80.98087,-12.03192,76.52516
393,0.7886,0.27198,0.18604,-99.00204,-14.74044,90.13642,0.7886,0.27198,0.18604,-99.00204,-14.74044,90.13642,0.7886,0.27198,0.18604,-99.00204,-14.74044,90.13642
394,0.78933,0.24366,,-126.34663,-18.53237,101.06204,0.78933,0.24366,,-126.34663,-18.53237,101.06204,0.78933,0.24366,,-126.34663,-18.53237,101.06204
395,0.80227,0.22486,,-115.56596,-25.60503,101.29093,0.80227,0.22486,,-115.56596,-25.60503,101.29093,0.80227,0.22486,,-115.56596,-25.60503,101.29093
396,0.86673,0.26612,0.24439,-89.74731,-19.60814,83.64361,0.86673,0.26612,0.24439,-89.74731,-19.60814,83.64361,0.86673,0.26612,0.24439,-89.74731,-19.60814,83.64361
397,0.92996,0.26368,0.29005,-49.96643,-14.64126,48.87539,0.92996,0.26368,0.29005,-49.96643,-14.64126,48.87539,0.92996,0.26368,0.29005,-49.96643,-14.64126,48.87539
398,0.95804,0.24928,0.30201,-21.41636,-10.03296,22.37007,0.95804,0.24928,0.30201,-21.41636,-10.03296,22.37007,0.95804,0.24928,0.30201,-21.41636,-10.03296,22.37007
399,0.96219,0.26466,0.29786,3.40281,-3.90637,10.08637,0.96219,0.26466,0.29786,3.40281,-3.90637,10.08637,0.96219,0.26466,0.29786,3.40281,-3.90637,10.08637
