Activity,attr_x_chest_acc_mean,attr_x_chest_acc_median,attr_x_chest_acc_std,attr_x_chest_acc_iqr,attr_x_chest_acc_max,attr_x_chest_acc_min,attr_y_chest_acc_mean,attr_y_chest_acc_median,attr_y_chest_acc_std,attr_y_chest_acc_iqr,attr_y_chest_acc_max,attr_y_chest_acc_min,attr_z_chest_acc_mean,attr_z_chest_acc_median,attr_z_chest_acc_std,attr_z_chest_acc_iqr,attr_z_chest_acc_max,attr_z_chest_acc_min,attr_x_thigh_acc_mean,attr_x_thigh_acc_median,attr_x_thigh_acc_std,attr_x_thigh_acc_iqr,attr_x_thigh_acc_max,attr_x_thigh_acc_min,attr_y_thigh_acc_mean,attr_y_thigh_acc_median,attr_y_thigh_acc_std,attr_y_thigh_acc_iqr,attr_y_thigh_acc_max,attr_y_thigh_acc_min,attr_z_thigh_acc_mean,attr_z_thigh_acc_median,attr_z_thigh_acc_std,attr_z_thigh_acc_iqr,attr_z_thigh_acc_max,attr_z_thigh_acc_min,attr_x_waist_acc_mean,attr_x_waist_acc_median,attr_x_waist_acc_std,attr_x_waist_acc_iqr,attr_x_waist_acc_max,attr_x_waist_acc_min,attr_y_waist_acc_mean,attr_y_waist_acc_median,attr_y_waist_acc_std,attr_y_waist_acc_iqr,attr_y_waist_acc_max,attr_y_waist_acc_min,attr_z_waist_acc_mean,attr_z_waist_acc_median,attr_z_waist_acc_std,attr_z_waist_acc_iqr,attr_z_waist_acc_max,attr_z_waist_acc_min,attr_x_chest_gyr_mean,attr_x_chest_gyr_median,attr_x_chest_gyr_std,attr_x_chest_gyr_iqr,attr_x_chest_gyr_max,attr_x_chest_gyr_min,attr_y_chest_gyr_mean,attr_y_chest_gyr_median,attr_y_chest_gyr_std,attr_y_chest_gyr_iqr,attr_y_chest_gyr_max,attr_y_chest_gyr_min,attr_z_chest_gyr_mean,attr_z_chest_gyr_median,attr_z_chest_gyr_std,attr_z_chest_gyr_iqr,attr_z_chest_gyr_max,attr_z_chest_gyr_min,attr_x_thigh_gyr_mean,attr_x_thigh_gyr_median,attr_x_thigh_gyr_std,attr_x_thigh_gyr_iqr,attr_x_thigh_gyr_max,attr_x_thigh_gyr_min,attr_y_thigh_gyr_mean,attr_y_thigh_gyr_median,attr_y_thigh_gyr_std,attr_y_thigh_gyr_iqr,attr_y_thigh_gyr_max,attr_y_thigh_gyr_min,attr_z_thigh_gyr_mean,attr_z_thigh_gyr_median,attr_z_thigh_gyr_std,attr_z_thigh_gyr_iqr,attr_z_thigh_gyr_max,attr_z_thigh_gyr_min,attr_x_waist_gyr_mean,attr_x_waist_gyr_median,attr_x_waist_gyr_std,attr_x_waist_gyr_iqr,attr_x_waist_gyr_max,attr_x_waist_gyr_min,attr_y_waist_gyr_mean,attr_y_waist_gyr_median,attr_y_waist_gyr_std,attr_y_waist_gyr_iqr,attr_y_waist_gyr_max,attr_y_waist_gyr_min,attr_z_waist_gyr_mean,attr_z_waist_gyr_median,attr_z_waist_gyr_std,attr_z_waist_gyr_iqr,attr_z_waist_gyr_max,attr_z_waist_gyr_min
jumping,0.6457,0.28557,0.28212,0.01523,0.33528,0.33528,0.95298,1.0,0.41077,0.0,1.0,1.0,1.0,0.99247,0.27559,0.0,0.60419,0.60419,0.0895,0.0,0.00358,0.00096,0.00627,0.00627,0.99857,0.998,0.00227,0.00077,0.5084,0.5084,0.3335,0.6203,0.0018,0.00304,0.00341,0.00341,0.18656,0.1598,0.75764,0.61796,1.0,1.0,0.7786,0.47818,0.62902,0.66947,0.64188,0.64188,0.80461,0.60845,0.60888,0.43316,0.76625,0.76625,0.78159,0.39261,0.26924,0.00211,0.34222,0.34222,0.0,0.3443,0.34028,0.0,0.26176,0.26176,0.74945,0.65138,0.15909,0.0,0.30361,0.30361,0.43686,0.55698,0.00684,0.00655,0.00641,0.00641,0.5775,0.23393,0.00354,0.00282,0.00141,0.00141,0.40545,0.75817,0.00124,0.00149,0.00062,0.00062,0.57419,0.81032,0.8722,0.63787,0.46835,0.46835,0.43243,0.59309,0.6348,0.5789,0.36034,0.36034,0.46964,0.51331,0.63885,0.64325,0.4195,0.4195
jumping,0.69288,0.49449,0.5704,0.46356,0.3988,0.3988,0.56408,0.93608,0.73604,0.497,1.0,1.0,0.84492,0.85931,0.52914,0.32246,0.78057,0.78057,0.09003,7e-05,0.00156,0.00043,0.0,0.0,0.99873,0.99803,0.00036,0.00041,0.50314,0.50314,0.32254,0.61315,0.0013,0.00156,0.00281,0.00281,0.18483,0.17926,0.75448,0.6119,1.0,1.0,0.68698,0.49263,0.71429,0.66586,0.65159,0.65159,0.85473,0.46879,0.57305,0.51129,0.7469,0.7469,0.71546,0.4864,0.42651,0.36046,0.51741,0.51741,0.07461,0.23093,0.5512,0.35618,0.65441,0.65441,0.56062,0.61927,0.37918,0.37175,0.30361,0.30361,0.41874,0.55378,0.00456,0.00324,0.00641,0.00641,0.62094,0.24585,0.00092,0.00132,0.0,0.0,0.4305,0.77314,0.00131,0.00226,0.00062,0.00062,0.2816,0.63571,0.7766,0.61069,0.44693,0.44693,0.57604,0.70101,0.69576,0.56178,0.61522,0.61522,0.5325,0.45488,0.56828,0.58912,0.4195,0.4195
jumping,0.60474,0.81751,0.72904,0.64968,0.4569,0.4569,0.36169,0.17196,0.85908,0.96632,1.0,1.0,0.91096,0.8555,0.73279,0.36128,0.96095,0.96095,0.09235,0.00307,0.0,0.0,0.0,0.0,1.0,0.99992,0.0,0.0,0.50314,0.50314,0.31789,0.61293,0.0,0.0,0.0,0.0,0.31543,0.29522,0.78249,0.66921,1.0,1.0,0.76928,0.56881,0.6445,0.66526,0.65159,0.65159,0.74266,0.42422,0.60505,0.58631,0.81597,0.81597,0.67302,0.35258,0.47014,0.39571,0.75,0.75,0.53526,0.3443,0.60195,0.4741,0.65441,0.65441,0.40285,0.55046,0.44701,0.38534,0.40053,0.40053,0.41778,0.5525,0.0,0.0,0.0,0.0,0.6373,0.25521,0.0,0.0,0.0,0.0,0.43071,0.77359,0.0,0.0,0.0,0.0,0.42911,0.48968,0.61897,0.50288,0.44693,0.44693,0.4509,0.58647,0.77742,0.54094,0.61522,0.61522,0.51495,0.51701,0.58009,0.58148,0.39279,0.39279
jumping,0.52365,0.74148,0.69377,0.67761,0.4569,0.4569,0.42576,0.16689,0.85688,0.96589,1.0,1.0,0.75219,0.84911,0.8395,0.33017,0.96095,0.96095,0.07401,0.00397,0.30723,0.00298,0.19127,0.19127,0.96501,1.0,0.41758,0.00713,1.0,1.0,0.52559,0.61762,0.17162,0.01854,0.37134,0.37134,0.18102,0.09709,0.77826,0.65516,1.0,1.0,0.62394,0.39422,0.57376,0.62905,0.45921,0.45921,0.65023,0.56411,0.63303,0.54085,0.81597,0.81597,0.66053,0.38222,0.47053,0.34952,0.75,0.75,0.35551,0.3268,0.67297,0.42528,0.75368,0.75368,0.46131,0.59174,0.37372,0.34678,0.40053,0.40053,0.31571,0.55997,0.41233,0.00609,0.35066,0.35066,0.15036,0.24479,0.20073,0.02862,0.29735,0.29735,0.15254,0.76089,0.55054,0.0092,0.34659,0.34659,0.64197,0.71587,0.62356,0.38855,0.47498,0.47498,0.52016,0.58647,0.78507,0.61482,0.60797,0.60797,0.34113,0.59098,0.59839,0.5689,0.39537,0.39537
jumping,0.84447,0.82164,0.58338,0.59664,0.56569,0.56569,0.23841,0.06441,0.82747,0.87824,1.0,1.0,0.73313,0.85035,0.77844,0.28681,0.5702,0.5702,0.06441,0.02681,0.59798,0.24891,0.28077,0.28077,0.83921,0.92306,0.78837,0.50785,1.0,1.0,0.83765,0.70671,0.35836,0.27902,0.95051,0.95051,0.05748,0.01282,0.77236,0.54989,1.0,1.0,0.63567,0.32082,0.75412,0.53754,0.75737,0.75737,0.55636,0.54229,0.60656,0.55098,0.65509,0.65509,0.60943,0.45616,0.4357,0.30029,0.53728,0.53728,0.46532,0.37859,0.62713,0.35111,0.75368,0.75368,0.55568,0.74885,0.37564,0.33348,0.5769,0.5769,0.37563,0.56317,0.66641,0.4723,0.67922,0.67922,0.3673,0.11047,0.38399,0.28577,0.69016,0.69016,0.07708,0.65018,0.79275,0.52428,0.34659,0.34659,0.54052,0.79524,0.75128,0.52442,0.57644,0.57644,0.62995,0.76777,0.81126,0.67866,0.60797,0.60797,0.38427,0.50148,0.61581,0.59223,0.44055,0.44055
jumping,1.0,0.82866,0.58412,0.48343,0.56569,0.56569,0.15819,0.11015,0.8238,0.75291,1.0,1.0,0.80077,0.8153,0.6892,0.34572,0.5702,0.5702,0.05113,0.15909,0.77338,0.33152,0.28077,0.28077,0.77228,0.36596,0.95007,0.90393,1.0,1.0,1.0,0.9195,0.50072,0.36773,0.96308,0.96308,0.14675,0.1363,0.79952,0.65337,1.0,1.0,0.79976,0.27106,0.88355,0.59175,0.75737,0.75737,0.43676,0.51173,0.64259,0.6407,0.77876,0.77876,0.61058,0.47174,0.47108,0.30708,0.53728,0.53728,0.54764,0.40168,0.62777,0.37337,0.67132,0.67132,0.6252,0.8383,0.37996,0.3852,0.5769,0.5769,0.74907,0.22642,0.72052,0.75692,0.67922,0.67922,0.84834,0.04853,0.45415,0.41992,0.69016,0.69016,0.33553,0.20554,0.81683,0.77473,0.30628,0.30628,0.62024,0.77381,0.87328,0.58252,0.61266,0.61266,0.63299,0.80374,0.89016,0.67859,0.76457,0.76457,0.64986,0.5074,0.67006,0.79491,0.45864,0.45864
jumping,0.75703,0.80223,0.66866,0.55366,0.46962,0.46962,0.29432,0.1385,0.85855,0.96528,1.0,1.0,0.83234,0.8595,0.75365,0.44719,0.84706,0.84706,0.01653,0.13994,0.82031,0.39328,0.24252,0.24252,0.81412,0.39333,0.95552,0.95377,1.0,1.0,0.96045,0.89438,0.46632,0.39856,0.96308,0.96308,0.22741,0.1973,0.78915,0.71013,1.0,1.0,0.76637,0.49263,0.67143,0.68271,0.63822,0.63822,0.54684,0.49597,0.75813,0.66897,0.9307,0.9307,0.49089,0.44119,0.57104,0.48148,0.48107,0.48107,0.46389,0.41568,0.74604,0.47399,0.72978,0.72978,0.28981,0.63647,0.38539,0.40027,0.25824,0.25824,0.81291,0.27273,0.65454,0.72117,0.61236,0.61236,0.52999,0.0,0.43195,0.4156,0.61034,0.61034,0.2004,0.08439,0.76206,0.68009,0.30628,0.30628,0.81334,0.89206,0.88632,0.56374,0.66699,0.66699,0.67429,0.51712,0.95231,0.71955,0.77424,0.77424,0.54341,0.5074,0.83109,0.70092,0.63195,0.63195
jumping,0.51415,0.75288,0.70825,0.62538,0.46962,0.46962,0.40881,0.18114,0.86893,0.96152,1.0,1.0,0.8185,0.89112,0.82427,0.52399,0.84706,0.84706,0.0417,0.16778,0.80375,0.41402,0.23491,0.23491,0.7289,0.33982,0.92514,0.88833,1.0,1.0,0.85999,0.76231,0.39392,0.40138,0.68031,0.68031,0.15725,0.1973,0.75965,0.57931,1.0,1.0,0.74752,0.78176,0.48804,0.71592,0.48109,0.48109,0.58369,0.46086,0.72607,0.60255,0.9307,0.9307,0.64975,0.65139,0.59244,0.51693,0.48107,0.48107,0.79817,0.63121,0.74255,0.42186,0.72978,0.72978,0.43478,0.70069,0.4096,0.34323,0.25824,0.25824,0.28526,0.22236,0.56973,0.68692,0.40275,0.40275,0.50857,0.01554,0.41409,0.3849,0.44021,0.44021,0.07336,0.19102,0.73183,0.59055,0.30998,0.30998,0.41165,0.57698,0.87492,0.68583,0.73126,0.73126,0.64739,0.54791,0.86333,0.66104,0.77424,0.77424,0.34937,0.33654,0.8234,0.66996,0.63195,0.63195
jumping,0.8094,0.87575,0.66355,0.53612,0.36707,0.36707,0.20355,0.10891,0.83804,0.90087,1.0,1.0,0.81251,0.89112,0.75454,0.42469,0.66597,0.66597,0.04749,0.19847,0.80813,0.43584,0.23491,0.23491,0.66239,0.32771,0.92951,0.7859,1.0,1.0,0.83062,0.8025,0.42485,0.35232,0.7488,0.7488,0.19103,0.22173,0.78055,0.57516,1.0,1.0,0.66682,0.52961,0.53444,0.68524,0.48109,0.48109,0.41783,0.40404,0.54027,0.48711,0.63489,0.63489,0.7127,0.63275,0.52966,0.49761,0.49322,0.49322,1.0,0.6536,0.65809,0.36555,0.92426,0.92426,0.59871,0.68922,0.35737,0.45361,0.26112,0.26112,0.08496,0.22236,0.48709,0.50983,0.38941,0.38941,0.96883,0.25777,0.41369,0.37391,0.5628,0.5628,0.58427,0.68466,0.85188,0.81707,0.30998,0.30998,0.40172,0.48254,0.82725,0.70448,0.73126,0.73126,0.66077,0.74302,0.80457,0.52731,0.81996,0.81996,0.33562,0.4068,0.64603,0.63095,0.49545,0.49545
jumping,0.89166,0.89842,0.66067,0.532,0.36183,0.36183,0.14948,0.04548,0.84719,0.88896,1.0,1.0,0.81262,0.90341,0.7044,0.45101,0.57174,0.57174,0.03125,0.17347,0.82989,0.3764,0.22072,0.22072,0.72092,0.33774,0.95477,0.86976,1.0,1.0,0.72778,0.75092,0.43755,0.32343,0.7488,0.7488,0.29461,0.26674,0.78495,0.65339,1.0,1.0,0.68803,0.41896,0.59868,0.73234,0.65699,0.65699,0.52633,0.62081,0.49002,0.49285,0.51548,0.51548,0.60421,0.47235,0.48429,0.45784,0.49322,0.49322,0.46139,0.26942,0.65233,0.39112,0.92426,0.92426,0.53856,0.625,0.36863,0.42479,0.28236,0.28236,0.5022,0.42936,0.40635,0.44371,0.36005,0.36005,0.96708,0.31737,0.46835,0.42869,0.65171,0.65171,0.72003,0.951,0.92108,0.86239,0.30635,0.30635,0.75307,0.6881,0.83132,0.71613,0.77352,0.77352,0.6413,0.66935,0.85743,0.60676,0.81996,0.81996,0.49415,0.4142,0.55913,0.64014,0.39611,0.39611
jumping,0.56467,0.84832,0.69731,0.54735,0.36183,0.36183,0.45476,0.18005,0.86417,0.9759,1.0,1.0,0.69542,0.84245,0.72788,0.3802,0.48145,0.48145,0.03672,0.18369,0.83629,0.3583,0.23535,0.23535,0.73938,0.32576,0.94337,0.88216,1.0,1.0,0.66741,0.66306,0.40831,0.30207,0.67747,0.67747,0.08257,0.0666,0.74197,0.47913,1.0,1.0,0.70244,0.45733,0.55381,0.7312,0.65699,0.65699,0.65644,0.63913,0.45709,0.53358,0.51548,0.51548,0.5801,0.42285,0.4933,0.48322,0.41784,0.41784,0.33837,0.12246,0.69006,0.4784,0.77353,0.77353,0.48478,0.74771,0.38966,0.36687,0.28236,0.28236,0.3228,0.44366,0.39417,0.46793,0.22141,0.22141,0.7656,0.34781,0.48642,0.43438,0.65171,0.65171,0.0,0.31488,0.93904,0.85955,0.30635,0.30635,0.49791,0.5619,0.779,0.54383,0.77352,0.77352,0.65332,0.56921,0.84531,0.70035,0.92362,0.92362,0.50893,0.3284,0.6601,0.57399,0.56905,0.56905
jumping,0.64726,0.8517,0.70881,0.49826,0.32708,0.32708,0.32414,0.13586,0.83445,0.88553,1.0,1.0,0.82093,0.85626,0.72006,0.28633,0.65435,0.65435,0.06679,0.2037,0.78305,0.31485,0.23535,0.23535,0.67577,0.26253,0.92813,0.81383,1.0,1.0,0.59436,0.59897,0.32699,0.32564,0.59234,0.59234,0.06317,0.09713,0.76403,0.51939,1.0,1.0,0.5835,0.46678,0.46363,0.67399,0.45287,0.45287,0.53452,0.54591,0.62422,0.5387,0.76612,0.76612,0.50205,0.54415,0.51878,0.43297,0.41784,0.41784,0.71127,0.36669,0.64368,0.40258,0.77665,0.77665,0.43065,0.64679,0.39787,0.49778,0.28856,0.28856,0.12002,0.43918,0.39648,0.4031,0.25112,0.25112,0.8176,0.41848,0.50491,0.44565,0.74509,0.74509,0.21396,0.2627,0.98825,1.0,0.34796,0.34796,0.3618,0.55159,0.69797,0.57213,0.43252,0.43252,0.56479,0.58504,0.9077,0.674,0.92362,0.92362,0.45541,0.38757,0.75415,0.56509,0.56905,0.56905
jumping,0.75737,0.83241,0.74274,0.42291,0.48722,0.48722,0.19909,0.14898,0.84998,0.86663,1.0,1.0,0.82709,0.88198,0.78365,0.41641,0.65435,0.65435,0.04917,0.19477,0.78865,0.39052,0.22565,0.22565,0.73855,0.29067,0.96498,0.95042,1.0,1.0,0.67262,0.66306,0.25972,0.31167,0.30912,0.30912,0.24809,0.22553,0.78336,0.65129,1.0,1.0,0.66284,0.43703,0.563,0.68734,0.48067,0.48067,0.48015,0.44884,0.69741,0.58758,0.76612,0.76612,0.59837,0.54415,0.55991,0.43764,0.52127,0.52127,0.56436,0.3191,0.7222,0.51014,0.99835,0.99835,0.54842,0.51835,0.41385,0.53989,0.343,0.343,0.5783,0.53542,0.37688,0.38691,0.27871,0.27871,0.64557,0.33525,0.49675,0.48289,0.74509,0.74509,0.65159,0.76407,0.89756,0.83918,0.34796,0.34796,0.34528,0.41587,0.78112,0.63749,0.68724,0.68724,0.52319,0.49698,1.0,0.68934,1.0,1.0,0.40283,0.34911,0.74457,0.66912,0.56745,0.56745
jumping,0.81618,0.87513,0.6998,0.53943,0.48722,0.48722,0.3295,0.15635,0.87227,0.98347,1.0,1.0,0.75298,0.92408,0.81173,0.42983,0.54486,0.54486,0.0,0.15185,0.81796,0.44527,0.23305,0.23305,0.8464,0.52203,0.99643,0.99636,1.0,1.0,0.7628,0.66562,0.28523,0.33121,0.45372,0.45372,0.19108,0.12139,0.76213,0.56661,1.0,1.0,0.65232,0.34418,0.63597,0.6717,0.60667,0.60667,0.56068,0.63937,0.56515,0.54619,0.51534,0.51534,0.62241,0.47785,0.55592,0.48774,0.52127,0.52127,0.42006,0.30651,0.7699,0.52931,0.99835,0.99835,0.57311,0.51606,0.38126,0.44829,0.343,0.343,0.40326,0.4586,0.39797,0.39635,0.40653,0.40653,0.65051,0.33653,0.47273,0.55606,0.50962,0.50962,0.10501,0.36842,0.84486,0.65538,0.34576,0.34576,0.37355,0.2873,0.8453,0.62647,0.68724,0.68724,0.44204,0.49036,0.89385,0.74727,1.0,1.0,0.309,0.29216,0.61327,0.53512,0.56745,0.56745
jumping,0.87622,0.95779,0.66552,0.52267,0.29922,0.29922,0.23672,0.03708,0.85226,0.96607,1.0,1.0,0.82723,0.97304,0.79433,0.34347,0.54486,0.54486,0.05231,0.20315,0.76514,0.31206,0.23305,0.23305,0.73849,0.30737,0.95865,0.90127,1.0,1.0,0.62129,0.66562,0.28139,0.30773,0.45372,0.45372,0.13023,0.10945,0.76585,0.54223,1.0,1.0,0.59271,0.36836,0.64453,0.65684,0.60667,0.60667,0.67976,0.6893,0.50334,0.4898,0.51534,0.51534,0.65331,0.62573,0.53075,0.45363,0.49474,0.49474,0.47243,0.41638,0.71085,0.4233,0.78309,0.78309,0.46549,0.50803,0.36373,0.40263,0.33724,0.33724,0.20017,0.46329,0.36914,0.32205,0.40653,0.40653,0.66269,0.34121,0.4714,0.51692,0.50962,0.50962,0.14842,0.08757,0.899,0.81717,0.34576,0.34576,0.68144,0.5881,0.73167,0.56762,0.53067,0.53067,0.52633,0.57899,0.80989,0.73176,0.71309,0.71309,0.46842,0.3713,0.50781,0.60339,0.36743,0.36743
jumping,0.8943,0.95716,0.63527,0.5035,0.34222,0.34222,0.15011,0.08441,0.85337,0.84852,1.0,1.0,0.80922,0.91436,0.73136,0.34219,0.59968,0.59968,0.05546,0.20511,0.79022,0.31171,0.22797,0.22797,0.71324,0.28743,0.96211,0.86935,1.0,1.0,0.62824,0.75918,0.34487,0.30891,0.55109,0.55109,0.1531,0.08577,0.77915,0.66477,1.0,1.0,0.63398,0.31415,0.67749,0.6646,0.70479,0.70479,0.7071,0.63143,0.58025,0.5435,0.92402,0.92402,0.65574,0.71891,0.58378,0.48949,0.4709,0.4709,0.3953,0.3296,0.69079,0.51807,0.6807,0.6807,0.3881,0.42775,0.38741,0.43233,0.33724,0.33724,0.46269,0.51985,0.3689,0.34412,0.32851,0.32851,0.70824,0.28289,0.45632,0.46959,0.65395,0.65395,0.77419,1.0,0.91285,0.83359,0.34363,0.34363,0.73241,0.59127,0.7072,0.51002,0.68763,0.68763,0.62517,0.70676,0.89399,0.57168,0.72387,0.72387,0.57907,0.38831,0.54009,0.68551,0.39205,0.39205
jumping,0.76746,0.90406,0.65143,0.48401,0.34222,0.34222,0.31352,0.16345,0.87319,0.98081,1.0,1.0,0.78684,0.80263,0.68983,0.35296,0.59968,0.59968,0.03535,0.19594,0.80532,0.39153,0.25341,0.25341,0.79638,0.36202,1.0,0.9578,1.0,1.0,0.7068,0.66205,0.41462,0.29002,0.65537,0.65537,0.23187,0.08761,0.79239,0.65401,1.0,1.0,0.7175,0.44926,0.75793,0.61713,0.70479,0.70479,0.62111,0.64182,0.59261,0.46882,0.92402,0.92402,0.49446,0.52826,0.53903,0.50963,0.4709,0.4709,0.48509,0.46816,0.66556,0.57869,0.7307,0.7307,0.44145,0.4805,0.40863,0.4805,0.26046,0.26046,0.51815,0.61097,0.40936,0.39257,0.32851,0.32851,0.49641,0.0513,0.48363,0.47519,0.88922,0.88922,0.55813,0.92967,0.84985,0.6692,0.34363,0.34363,0.39578,0.07063,0.75992,0.46331,0.68763,0.68763,0.46431,0.74129,0.79106,0.54503,0.72387,0.72387,0.4286,0.51331,0.55657,0.43251,0.41433,0.41433
jumping,0.48394,0.79747,0.74606,0.49714,0.3475,0.3475,0.44333,0.20231,0.87166,0.96561,1.0,1.0,0.80614,0.82216,0.78282,0.43936,0.56447,0.56447,0.08778,0.23117,0.75616,0.32144,0.25341,0.25341,0.74318,0.33886,0.9775,0.98062,1.0,1.0,0.70482,0.64932,0.34216,0.24493,0.65537,0.65537,0.16173,0.09337,0.76343,0.51568,1.0,1.0,0.73103,0.59633,0.7161,0.7383,0.64945,0.64945,0.64575,0.6221,0.56286,0.45462,0.66135,0.66135,0.60588,0.59395,0.52312,0.4862,0.43361,0.43361,0.78612,0.57733,0.71878,0.40148,0.78051,0.78051,0.49244,0.53899,0.45611,0.56161,0.31467,0.31467,0.40243,0.45519,0.38818,0.44404,0.26371,0.26371,0.40438,0.05407,0.47943,0.42284,0.88922,0.88922,0.28846,0.51225,0.74621,0.4973,0.31411,0.31411,0.3714,0.23095,0.87592,0.4742,0.90477,0.90477,0.28325,0.59597,0.76492,0.64754,0.51441,0.51441,0.19788,0.36612,0.57013,0.50784,0.45347,0.45347
jumping,0.61937,0.83154,0.7134,0.42786,0.37381,0.37381,0.28786,0.18553,0.84915,0.90505,1.0,1.0,0.82389,0.82759,0.72757,0.45724,0.6934,0.6934,0.12569,0.22727,0.67052,0.21916,0.23488,0.23488,0.72674,0.3194,0.97679,1.0,1.0,1.0,0.74467,0.83365,0.25554,0.25715,0.47549,0.47549,0.05117,0.02322,0.73099,0.40746,1.0,1.0,0.74597,0.59327,0.70323,0.83161,0.62939,0.62939,0.73948,0.62956,0.57748,0.45449,0.69037,0.69037,0.65161,0.61442,0.54829,0.4526,0.45909,0.45909,0.60226,0.46396,0.68655,0.43564,0.78051,0.78051,0.46003,0.66858,0.46,0.49793,0.31467,0.31467,0.38101,0.50768,0.38764,0.40912,0.25215,0.25215,0.66345,0.3129,0.55242,0.4152,0.8495,0.8495,0.64718,0.63294,0.77379,0.62027,0.39267,0.39267,0.59101,0.56429,0.92831,0.58214,0.90477,0.90477,0.49359,0.54906,0.81722,0.59374,0.68911,0.68911,0.45194,0.39497,0.54291,0.52382,0.45347,0.45347
jumping,0.74188,0.84694,0.67179,0.44306,0.37381,0.37381,0.17397,0.10959,0.86785,0.81088,1.0,1.0,0.79508,0.85902,0.76297,0.42686,0.89261,0.89261,0.15145,0.20873,0.58883,0.22447,0.29979,0.29979,0.80638,0.34919,0.98076,0.98896,1.0,1.0,0.81894,0.83789,0.27094,0.25746,0.47549,0.47549,0.11243,0.03929,0.77888,0.58407,1.0,1.0,0.91834,0.59744,0.775,1.0,0.83782,0.83782,0.61486,0.51651,0.61113,0.51271,0.95055,0.95055,0.59009,0.55332,0.58116,0.4377,0.45909,0.45909,0.37065,0.22883,0.7305,0.54585,0.90937,0.90937,0.40431,0.58716,0.48055,0.51862,0.31976,0.31976,0.53154,0.50192,0.47755,0.42269,0.55186,0.55186,0.56783,0.14666,0.66717,0.44088,1.0,1.0,0.91667,0.66606,0.96158,0.853,0.55865,0.55865,0.35017,0.11905,1.0,1.0,0.77196,0.77196,0.6841,0.54734,0.85828,0.56745,0.99029,0.99029,0.55923,0.46967,0.85299,0.67887,1.0,1.0
jumping,0.53335,0.85258,0.69589,0.61818,0.348,0.348,0.27529,0.11953,0.91154,1.0,1.0,1.0,0.83865,0.92551,0.85974,0.4429,0.89261,0.89261,0.28411,0.26226,0.56543,0.11787,0.95626,0.95626,0.78253,0.35132,0.96545,0.90864,1.0,1.0,0.92507,0.8428,0.2938,0.23706,0.51558,0.51558,0.2006,0.15404,0.78459,0.64587,1.0,1.0,1.0,0.44454,0.75581,0.93509,0.83782,0.83782,0.60341,0.46762,0.61633,0.53107,0.95055,0.95055,0.5847,0.63153,0.62717,0.59108,0.4633,0.4633,0.4349,0.3415,0.76031,0.55246,0.90937,0.90937,0.53877,0.81766,0.48612,0.59205,0.31976,0.31976,0.53806,0.35019,0.55284,0.47683,0.55352,0.55352,0.44386,0.07407,0.55947,0.37588,1.0,1.0,1.0,0.63022,1.0,0.82189,0.9349,0.9349,0.45411,0.29841,0.96534,0.87754,0.77196,0.77196,0.47433,0.48489,0.91443,0.546,0.99029,0.99029,0.40234,0.3787,1.0,0.81555,1.0,1.0
jumping,0.43524,0.82139,0.73212,0.56247,0.348,0.348,0.38303,0.22919,0.89903,0.98279,1.0,1.0,0.7676,0.83664,0.88758,0.49357,0.70866,0.70866,0.41164,0.30068,0.44114,0.17508,0.96694,0.96694,0.70171,0.31631,0.91313,0.73444,1.0,1.0,0.95125,0.89148,0.34884,0.26061,0.97446,0.97446,0.27373,0.15179,0.74581,0.5742,1.0,1.0,0.91264,0.47317,0.66604,0.79016,0.57506,0.57506,0.74873,0.6508,0.4574,0.40758,0.49658,0.49658,0.70246,0.61748,0.58344,0.49905,0.57036,0.57036,0.35914,0.10707,0.74094,0.46661,0.72482,0.72482,0.61602,0.70986,0.42936,0.50458,0.62514,0.62514,0.2985,0.29706,0.62417,0.50483,0.72187,0.72187,0.3879,0.01064,0.41214,0.37842,0.71699,0.71699,0.85579,0.63022,0.86018,0.70364,0.9349,0.9349,0.63434,0.69444,0.86857,0.71663,0.76981,0.76981,0.47592,0.53468,0.74374,0.5114,0.62451,0.62451,0.5055,0.48003,0.84593,0.7436,0.57127,0.57127
jumping,0.72328,0.8601,0.7099,0.49112,0.33543,0.33543,0.23436,0.08006,0.86046,0.94848,1.0,1.0,0.74566,0.91151,0.83479,0.44981,0.70866,0.70866,0.46417,0.3065,0.47261,0.25701,1.0,1.0,0.7251,0.32507,0.91894,0.76687,1.0,1.0,0.81704,0.82997,0.3596,0.30813,0.97446,0.97446,0.13969,0.04134,0.74255,0.52902,1.0,1.0,0.70847,0.51348,0.65395,0.70942,0.61784,0.61784,0.7513,0.65792,0.56016,0.4006,0.80487,0.80487,0.65501,0.58845,0.52801,0.39859,0.57036,0.57036,0.69298,0.43807,0.71555,0.46385,0.72482,0.72482,0.50954,0.42775,0.3698,0.39303,0.62514,0.62514,0.42894,0.35382,0.62864,0.46598,0.72187,0.72187,0.50911,0.1441,0.44001,0.42467,0.71699,0.71699,0.75057,0.99682,0.72622,0.62152,0.32338,0.32338,0.68144,0.65476,0.88745,0.6862,0.76981,0.76981,0.53088,0.49065,0.5997,0.46,0.62662,0.62662,0.24451,0.27885,0.85531,0.76678,0.52302,0.52302
jumping,0.97022,0.89379,0.62253,0.40615,0.33256,0.33256,0.14607,0.00949,0.83618,0.85099,1.0,1.0,0.88275,0.93665,0.65108,0.40914,0.48697,0.48697,0.53153,0.35688,0.56541,0.33308,1.0,1.0,0.78789,0.36599,0.95821,0.89063,1.0,1.0,0.77903,0.85598,0.32888,0.32748,0.53714,0.53714,0.09103,0.0,0.744,0.4903,1.0,1.0,0.73783,0.4993,0.73731,0.59758,0.62758,0.62758,0.74008,0.67728,0.65901,0.4811,0.87492,0.87492,0.50036,0.55301,0.52258,0.50409,0.51192,0.51192,0.68933,0.54864,0.64336,0.55565,0.69228,0.69228,0.4794,0.46216,0.33482,0.40145,0.30162,0.30162,0.76048,0.31733,0.57477,0.51929,0.56085,0.56085,0.40768,0.1441,0.38277,0.41474,0.41848,0.41848,0.66426,0.95281,0.57409,0.47746,0.31012,0.31012,0.64781,0.55794,0.84684,0.60681,0.80253,0.80253,0.50549,0.44863,0.71351,0.51888,0.67729,0.67729,0.40843,0.23743,0.83401,0.66855,0.59786,0.59786
jumping,0.75006,0.93725,0.7141,0.48357,0.32497,0.32497,0.27071,0.06404,0.86446,0.97452,1.0,1.0,0.89042,0.93275,0.72353,0.45817,0.6025,0.6025,0.57049,0.3766,0.61366,0.41005,1.0,1.0,0.81173,0.39946,0.9318,0.89299,1.0,1.0,0.79814,0.84671,0.46659,0.41451,0.63004,0.63004,0.17661,0.13613,0.75705,0.53111,1.0,1.0,0.7809,0.52405,0.75994,0.69937,0.62758,0.62758,0.66419,0.57975,0.59526,0.52446,0.87492,0.87492,0.53479,0.68958,0.60003,0.54781,0.47686,0.47686,0.45385,0.42967,0.69883,0.66178,0.67574,0.67574,0.4225,0.47248,0.35149,0.41356,0.30162,0.30162,0.17403,0.08045,0.67299,0.59829,0.75409,0.75409,0.30217,0.15986,0.39672,0.41224,0.50272,0.50272,0.36938,0.59211,0.57922,0.50843,0.25045,0.25045,0.38415,0.54365,0.95996,0.59617,0.80253,0.80253,0.64101,0.57122,0.78783,0.54426,0.67729,0.67729,0.53705,0.32692,0.72715,0.64452,0.60844,0.60844
jumping,0.5855,0.94101,0.76535,0.65322,0.38185,0.38185,0.29181,0.08585,0.89725,0.98807,1.0,1.0,0.84736,0.88426,0.81133,0.48139,0.6025,0.6025,0.55943,0.35838,0.62482,0.41635,1.0,1.0,0.76161,0.40265,0.8832,0.7711,1.0,1.0,0.89377,0.89651,0.49926,0.43323,0.63514,0.63514,0.18459,0.12114,0.76696,0.52104,1.0,1.0,0.7057,0.37031,0.78896,0.71002,0.6181,0.6181,0.45659,0.41139,0.61606,0.54713,0.50031,0.50031,0.60685,0.75863,0.63995,0.61184,0.47686,0.47686,0.51093,0.49405,0.74928,0.63687,0.9579,0.9579,0.50692,0.71445,0.35651,0.38446,0.3233,0.3233,0.28551,0.32586,0.72883,0.63698,0.75409,0.75409,0.74676,0.44019,0.42081,0.44842,0.50272,0.50272,0.28132,0.42377,0.65562,0.56363,0.27771,0.27771,0.53378,0.59127,0.97067,0.62797,0.69192,0.69192,0.5106,0.57583,0.83141,0.56379,0.64445,0.64445,0.36782,0.4682,0.71489,0.5036,0.60844,0.60844
jumping,0.72358,0.91846,0.6509,0.51536,0.38185,0.38185,0.35286,0.18217,0.87201,0.98263,1.0,1.0,0.74669,0.83387,0.82952,0.49188,0.73077,0.73077,0.56753,0.35282,0.65807,0.41752,1.0,1.0,0.72094,0.3497,0.85499,0.6783,1.0,1.0,0.91975,0.90767,0.41599,0.39678,0.67093,0.67093,0.19717,0.17016,0.75858,0.54326,1.0,1.0,0.78567,0.37337,0.86446,0.90519,0.76607,0.76607,0.40964,0.51978,0.70137,0.57017,0.76013,0.76013,0.58574,0.62236,0.58983,0.54196,0.47814,0.47814,0.53264,0.3212,0.77926,0.59312,0.9579,0.9579,0.38696,0.55734,0.398,0.40027,0.3233,0.3233,0.6375,0.42894,0.7621,0.66912,0.74951,0.74951,0.72234,0.44402,0.41149,0.41178,0.48483,0.48483,0.45734,0.76588,0.69619,0.65003,0.34961,0.34961,0.62144,0.48095,0.98762,0.71838,0.69192,0.69192,0.23323,0.34101,0.90151,0.64583,0.70691,0.70691,0.3626,0.4497,0.71877,0.44735,0.52474,0.52474
jumping,0.71652,0.94201,0.68738,0.47183,0.35173,0.35173,0.30565,0.17899,0.86018,0.9709,1.0,1.0,0.7315,0.84759,0.88424,0.4881,0.73077,0.73077,0.61238,0.36895,0.72954,0.53382,1.0,1.0,0.76177,0.3497,0.89106,0.76146,1.0,1.0,0.94279,0.87976,0.39145,0.3803,0.67583,0.67583,0.1909,0.16223,0.76039,0.56601,1.0,1.0,0.95474,0.48874,1.0,0.9695,0.79219,0.79219,0.45549,0.56446,0.70741,0.60281,0.76013,0.76013,0.61348,0.64895,0.59006,0.48471,0.54371,0.54371,0.68911,0.37299,0.79901,0.51179,1.0,1.0,0.46412,0.51032,0.40012,0.40233,0.34477,0.34477,0.63558,0.22386,0.73936,0.65508,0.74951,0.74951,0.56286,0.29417,0.35189,0.28119,0.37721,0.37721,0.56469,0.92332,0.67531,0.65003,0.34961,0.34961,0.52367,0.27381,0.95427,0.64901,0.62395,0.62395,0.38056,0.30216,0.9026,0.65839,0.70691,0.70691,0.38311,0.27441,0.75233,0.7224,0.5581,0.5581
jumping,0.74968,0.90093,0.76831,0.42714,0.38024,0.38024,0.14309,0.07209,0.87581,0.83542,1.0,1.0,0.79838,0.93961,0.84923,0.46833,0.68357,0.68357,0.63246,0.37854,0.7406,0.56089,1.0,1.0,0.79011,0.37193,0.91341,0.80025,1.0,1.0,0.9692,0.85363,0.46175,0.35413,0.91475,0.91475,0.12827,0.04906,0.76354,0.5348,1.0,1.0,0.93914,0.61273,0.97276,0.79323,0.80792,0.80792,0.52422,0.63983,0.72545,0.61261,0.89972,0.89972,0.70537,0.72563,0.63138,0.44309,0.54371,0.54371,0.69002,0.60952,0.79776,0.58728,1.0,1.0,0.60559,0.54587,0.45167,0.54196,0.38482,0.38482,0.73328,0.277,0.63824,0.5747,0.66852,0.66852,0.5305,0.24351,0.3174,0.26569,0.39952,0.39952,0.54144,0.8902,0.63047,0.56936,0.26397,0.26397,0.46613,0.25873,0.88962,0.66078,0.75248,0.75248,0.2799,0.48518,0.81925,0.64778,0.62389,0.62389,0.47431,0.38092,0.78224,0.66996,0.5581,0.5581
jumping,0.8663,0.91884,0.70518,0.36501,0.41037,0.41037,0.14576,0.08456,0.87848,0.79469,1.0,1.0,0.80392,0.95866,0.83284,0.5311,0.82674,0.82674,0.66117,0.37133,0.78706,0.58499,1.0,1.0,0.7913,0.37142,0.88974,0.76583,1.0,1.0,0.86477,0.83331,0.50681,0.37106,0.91475,0.91475,0.07019,0.04906,0.75479,0.49349,1.0,1.0,0.74527,0.54351,0.82605,0.70888,0.80792,0.80792,0.64313,0.78112,0.73248,0.50348,0.89972,0.89972,0.62281,0.74702,0.67057,0.51626,0.53249,0.53249,0.59131,0.42897,0.8,0.6371,0.82169,0.82169,0.3623,0.15367,0.49735,0.58525,0.38482,0.38482,0.37666,0.29087,0.68664,0.67511,0.64379,0.64379,0.58161,0.20668,0.36898,0.3483,0.43992,0.43992,0.5019,0.60935,0.60359,0.52297,0.30902,0.30902,0.4058,0.2881,0.95218,0.79915,0.98578,0.98578,0.55522,0.61468,0.76018,0.7084,0.60053,0.60053,0.43944,0.53328,0.84557,0.63053,0.61743,0.61743
jumping,0.50429,0.77229,0.73258,0.63013,0.4152,0.4152,0.27577,0.18288,0.88748,0.97496,1.0,1.0,0.77367,0.95742,0.81887,0.61104,0.82674,0.82674,0.65501,0.32773,0.83238,0.68144,1.0,1.0,0.72888,0.35619,0.86047,0.655,1.0,1.0,0.90447,0.89952,0.41243,0.33895,0.63174,0.63174,0.10978,0.13584,0.75697,0.51893,1.0,1.0,0.83153,0.40812,0.87426,0.72771,0.83956,0.83956,0.54409,0.63341,0.6209,0.49046,0.89896,0.89896,0.58161,0.7235,0.63933,0.50599,0.4266,0.4266,0.51886,0.18474,0.78363,0.55356,0.82169,0.82169,0.4268,0.51261,0.42663,0.46971,0.28856,0.28856,0.51153,0.27145,0.73751,0.67825,0.80332,0.80332,0.63689,0.39144,0.37765,0.35816,0.43992,0.43992,0.53625,0.47822,0.59855,0.49778,0.34212,0.34212,0.59466,0.70714,0.86206,0.51778,0.98578,0.98578,0.99119,0.61122,0.73057,0.64117,0.60053,0.60053,0.65642,0.55399,0.86356,0.55901,0.61743,0.61743
jumping,0.34818,0.68249,0.76888,0.64311,0.4152,0.4152,0.33917,0.19936,0.87842,0.97476,1.0,1.0,0.89929,1.0,0.76618,0.61951,0.62799,0.62799,0.62276,0.35392,0.80125,0.5491,1.0,1.0,0.64119,0.34517,0.81075,0.51478,1.0,1.0,0.80738,0.94094,0.30831,0.34841,0.51169,0.51169,0.12977,0.14795,0.75884,0.52033,1.0,1.0,0.77987,0.42702,0.76514,0.80405,0.83956,0.83956,0.60048,0.65593,0.63176,0.51308,0.73694,0.73694,0.65837,0.66056,0.59541,0.60963,0.50339,0.50339,0.5047,0.30721,0.7163,0.59423,0.73952,0.73952,0.55819,0.68119,0.39757,0.39495,0.34963,0.34963,0.40147,0.17136,0.66129,0.57771,0.80332,0.80332,0.66639,0.49149,0.34932,0.35633,0.33589,0.33589,0.45272,0.68512,0.60709,0.50308,0.35826,0.35826,0.55981,0.70873,0.81018,0.49812,0.8074,0.8074,0.83545,0.59482,0.75848,0.65627,0.68247,0.68247,0.65596,0.5392,0.81154,0.66064,0.53631,0.53631
jumping,0.44113,0.78369,0.775,0.65567,0.40655,0.40655,0.29913,0.17438,0.87863,0.95597,1.0,1.0,0.91574,0.89874,0.71572,0.50462,0.62799,0.62799,0.64496,0.35833,0.81539,0.63138,1.0,1.0,0.63496,0.3506,0.79139,0.5125,1.0,1.0,0.73175,0.83477,0.31949,0.35664,0.47711,0.47711,0.11388,0.08544,0.76092,0.48209,1.0,1.0,0.68575,0.4665,0.58165,0.67633,0.55875,0.55875,0.71779,0.5997,0.66965,0.45351,0.73694,0.73694,0.52633,0.61045,0.63761,0.63522,0.50339,0.50339,0.56033,0.51435,0.7388,0.67501,0.72868,0.72868,0.48176,0.59862,0.46539,0.42686,0.34963,0.34963,0.16026,0.02113,0.55944,0.50295,0.51254,0.51254,0.72325,0.34376,0.30064,0.30513,0.33589,0.33589,0.34627,0.54083,0.6176,0.42438,0.4268,0.4268,0.46941,0.28968,0.79551,0.59204,0.68666,0.68666,0.83329,0.71626,0.76801,0.6166,0.68247,0.68247,0.50098,0.4068,0.82904,0.9706,0.53631,0.53631
jumping,0.5264,0.81638,0.78373,0.558,0.33769,0.33769,0.27084,0.15741,0.88017,0.90807,1.0,1.0,0.84349,0.87969,0.77319,0.52785,0.70221,0.70221,0.68372,0.39258,0.8423,0.66795,1.0,1.0,0.69783,0.37164,0.84623,0.55874,1.0,1.0,0.82436,0.86234,0.41648,0.37766,0.98402,0.98402,0.20117,0.11053,0.75453,0.54737,1.0,1.0,0.70789,0.53128,0.61206,0.8049,0.55875,0.55875,0.73768,0.7537,0.63766,0.44366,0.6283,0.6283,0.35175,0.57012,0.65606,0.58245,0.53296,0.53296,0.47796,0.56893,0.78301,0.63721,0.81379,0.81379,0.43318,0.59289,0.45625,0.49675,0.27462,0.27462,0.29894,0.0239,0.60454,0.63516,0.59531,0.59531,0.56889,0.31545,0.37152,0.30819,0.51089,0.51089,0.41268,0.52541,0.65227,0.44726,0.47651,0.47651,0.31852,0.01984,0.74736,0.64914,0.63291,0.63291,0.65513,0.68173,0.8042,0.49639,0.53052,0.53052,0.34617,0.3395,0.79576,0.89074,0.50258,0.50258
jumping,0.56629,0.814,0.78609,0.49017,0.43336,0.43336,0.31031,0.20681,0.87365,0.94766,1.0,1.0,0.85483,0.87283,0.83863,0.56526,0.70313,0.70313,0.6952,0.4631,0.85454,0.66359,1.0,1.0,0.71192,0.37265,0.86173,0.62763,1.0,1.0,0.88384,0.84046,0.47143,0.45697,0.98402,0.98402,0.23533,0.17972,0.75148,0.54512,1.0,1.0,0.81799,0.75591,0.68026,0.94555,0.6557,0.6557,0.81503,0.81846,0.59927,0.46983,0.6283,0.6283,0.54778,0.71738,0.66021,0.60202,0.53296,0.53296,0.49116,0.39328,0.76335,0.567,0.81379,0.81379,0.36767,0.50344,0.36117,0.43809,0.27462,0.27462,0.61514,0.20081,0.68784,0.67812,0.60475,0.60475,0.49583,0.34163,0.42293,0.41789,0.51089,0.51089,0.50602,0.55172,0.69259,0.45111,0.49142,0.49142,0.43695,0.13095,0.80284,0.69572,0.674,0.674,0.56014,0.54878,0.78089,0.55953,0.69582,0.69582,0.36074,0.31361,0.73374,0.72551,0.50258,0.50258
jumping,0.57623,0.84018,0.76212,0.62359,0.43336,0.43336,0.24844,0.13329,0.88542,0.96497,1.0,1.0,0.86352,0.88036,0.81809,0.56193,0.70313,0.70313,0.7,0.43589,0.86985,0.74548,1.0,1.0,0.67735,0.38236,0.8257,0.49665,1.0,1.0,0.92354,0.80239,0.41253,0.4441,0.91389,0.91389,0.20874,0.18244,0.76562,0.55295,1.0,1.0,0.90333,0.80289,0.71408,0.76603,0.6557,0.6557,0.81006,0.83351,0.58993,0.44125,0.80169,0.80169,0.71194,0.92637,0.68215,0.7051,0.47651,0.47651,0.32877,0.18334,0.77652,0.59654,0.76415,0.76415,0.33858,0.58257,0.41299,0.45789,0.28613,0.28613,0.8313,0.22642,0.6534,0.52174,0.6767,0.6767,0.45904,0.28352,0.37712,0.42476,0.30576,0.30576,0.59229,0.44102,0.67955,0.46937,0.49142,0.49142,0.74255,0.45317,0.77735,0.67168,0.674,0.674,0.52423,0.55597,0.67906,0.67091,0.69582,0.69582,0.6077,0.47411,0.74193,0.75901,0.43673,0.43673
jumping,0.5021,0.86824,0.71323,0.75106,0.35162,0.35162,0.20478,0.10993,0.88369,0.97267,1.0,1.0,0.94672,0.96533,0.6851,0.41923,0.68071,0.68071,0.71026,0.3798,0.9117,0.80751,1.0,1.0,0.66422,0.41128,0.82025,0.47845,1.0,1.0,0.87194,0.82461,0.38796,0.39009,0.79121,0.79121,0.16613,0.14172,0.76307,0.52208,1.0,1.0,0.81601,0.50792,0.74355,0.76254,0.5958,0.5958,0.75411,0.80971,0.59335,0.46801,0.80169,0.80169,0.68013,0.96089,0.64899,0.68034,0.47651,0.47651,0.4208,0.36249,0.70175,0.60569,0.70147,0.70147,0.39215,0.61124,0.45838,0.51108,0.39478,0.39478,0.47766,0.05805,0.73328,0.55302,0.91374,0.91374,0.51195,0.3229,0.37942,0.34879,0.43724,0.43724,0.526,0.34528,0.79517,0.51358,0.7624,0.7624,0.64955,0.48413,0.84089,0.59304,0.67186,0.67186,0.25252,0.31942,0.70101,0.68162,0.72782,0.72782,0.38115,0.32692,0.79037,0.74445,0.50677,0.50677
jumping,0.53386,0.80824,0.69643,0.60995,0.38049,0.38049,0.26085,0.11658,0.8636,0.95864,1.0,1.0,0.88503,0.91656,0.69165,0.38105,0.72473,0.72473,0.70568,0.37204,0.92741,0.81699,1.0,1.0,0.64964,0.33428,0.83255,0.46154,1.0,1.0,0.7309,0.7239,0.42837,0.36305,0.79121,0.79121,0.05784,0.11621,0.73359,0.45008,1.0,1.0,0.68192,0.54267,0.67766,0.7084,0.5958,0.5958,0.79877,0.75919,0.6509,0.55026,0.97658,0.97658,0.54113,0.80354,0.62835,0.61908,0.4093,0.4093,0.66682,0.74738,0.65579,0.59147,0.59099,0.59099,0.58451,0.59518,0.43224,0.54669,0.39478,0.39478,0.17001,0.0,0.72587,0.55011,0.91374,0.91374,0.61126,0.42571,0.35941,0.28397,0.43724,0.43724,0.38004,0.39927,0.80517,0.43156,0.7624,0.7624,0.52949,0.2627,0.86455,0.80353,0.71607,0.71607,0.55151,0.23626,0.7223,0.66701,0.72782,0.72782,0.27741,0.24482,0.72786,0.64834,0.50677,0.50677
jumping,0.54721,0.81688,0.77824,0.60387,0.38915,0.38915,0.27034,0.12274,0.8676,0.93215,1.0,1.0,0.86934,0.9036,0.77509,0.4402,0.72473,0.72473,0.68912,0.38035,0.91011,0.74476,1.0,1.0,0.6105,0.33519,0.78788,0.35429,1.0,1.0,0.76696,0.70637,0.41768,0.39709,0.70585,0.70585,0.09363,0.1398,0.74185,0.47931,1.0,1.0,0.68325,0.67723,0.63703,0.7478,0.54739,0.54739,0.67715,0.66352,0.68151,0.53523,0.97658,0.97658,0.52528,0.80904,0.64411,0.59683,0.4093,0.4093,0.58975,0.53114,0.68625,0.61671,0.53879,0.53879,0.58487,0.67775,0.42816,0.50148,0.32042,0.32042,0.16794,0.03927,0.64615,0.58588,0.75146,0.75146,0.60514,0.41188,0.32411,0.40007,0.25214,0.25214,0.3834,0.52314,0.713,0.43734,0.54931,0.54931,0.43837,0.23571,0.74735,0.72189,0.71607,0.71607,0.76446,0.53755,0.72557,0.67275,0.6158,0.6158,0.49739,0.18935,0.75152,0.94304,0.47883,0.47883
jumping,0.47245,0.80461,0.8502,0.59949,0.38915,0.38915,0.26743,0.20171,0.88761,0.93944,1.0,1.0,0.92275,0.98085,0.81602,0.58636,0.68511,0.68511,0.70879,0.40816,0.90789,0.73471,1.0,1.0,0.5967,0.37315,0.74563,0.32513,1.0,1.0,0.80672,0.77135,0.34517,0.34514,0.70585,0.70585,0.15771,0.13659,0.76025,0.48483,1.0,1.0,0.78615,0.71504,0.7708,0.89983,0.54739,0.54739,0.513,0.63295,0.63633,0.51781,0.68844,0.68844,0.63086,0.8176,0.67742,0.65531,0.60425,0.60425,0.50956,0.47236,0.7258,0.7311,0.69945,0.69945,0.42602,0.66399,0.39423,0.44252,0.29343,0.29343,0.43182,0.12975,0.67601,0.6857,0.75146,0.75146,0.63519,0.45934,0.31354,0.40625,0.25214,0.25214,0.36721,0.54583,0.75455,0.51214,0.66303,0.66303,0.47106,0.32937,0.84421,0.7974,0.73612,0.73612,0.53899,0.73583,0.76306,0.63257,0.65945,0.65945,0.47227,0.06509,0.7979,1.0,0.49101,0.49101
jumping,0.58215,0.84694,0.77385,0.49457,0.34544,0.34544,0.27991,0.18247,0.88778,0.97943,1.0,1.0,0.85202,0.9539,0.85032,0.58801,0.68511,0.68511,0.74526,0.44478,0.9455,0.83938,1.0,1.0,0.61719,0.36021,0.77628,0.4142,1.0,1.0,0.71237,0.79223,0.31436,0.33964,0.52744,0.52744,0.13544,0.05533,0.74954,0.44185,1.0,1.0,0.82222,0.82207,0.81202,0.90067,0.57625,0.57625,0.64064,0.6606,0.63508,0.54962,0.55504,0.55504,0.62869,0.73847,0.66824,0.62232,0.60425,0.60425,0.48596,0.6823,0.79379,0.79447,0.75643,0.75643,0.57273,0.53555,0.36336,0.38845,0.36712,0.36712,0.60486,0.26099,0.61409,0.62017,0.68008,0.68008,0.65683,0.27693,0.30613,0.38203,0.28806,0.28806,0.39667,0.58212,0.79142,0.57543,0.66303,0.66303,0.66303,0.53175,0.90415,0.81906,0.84421,0.84421,0.42196,0.73583,0.8011,0.60841,0.65945,0.65945,0.34869,0.0,0.82524,0.86205,0.49101,0.49101
jumping,0.57961,0.87224,0.75484,0.58109,0.44256,0.44256,0.32881,0.22968,0.89303,0.97669,1.0,1.0,0.8233,0.90855,0.79916,0.46974,0.64631,0.64631,0.75879,0.45405,0.98603,0.89906,1.0,1.0,0.61157,0.34938,0.77792,0.31059,1.0,1.0,0.7491,0.84872,0.43727,0.39999,0.99994,0.99994,0.14267,0.14089,0.75681,0.50803,1.0,1.0,0.84748,0.86989,0.78522,0.71748,0.64414,0.64414,0.71436,0.71987,0.66357,0.53067,0.76029,0.76029,0.52692,0.72808,0.5921,0.55948,0.3975,0.3975,0.43102,0.57733,0.77778,0.72394,0.75643,0.75643,0.38839,0.29128,0.37203,0.4109,0.36712,0.36712,0.49022,0.19441,0.65262,0.59743,0.73429,0.73429,0.5077,0.24713,0.39964,0.3449,0.36234,0.36234,0.61675,0.76497,0.82697,0.56666,0.61303,0.61303,0.6074,0.5119,0.83586,0.74305,0.84421,0.84421,0.77793,0.52518,0.80712,0.52079,0.78594,0.78594,0.47904,0.0821,0.87626,0.8858,0.48831,0.48831
jumping,0.51109,0.88878,0.85452,0.47324,0.44256,0.44256,0.37457,0.19978,0.87496,0.96211,1.0,1.0,0.8186,0.8534,0.81747,0.44153,0.73635,0.73635,0.76379,0.44357,0.98433,0.89939,1.0,1.0,0.57718,0.34938,0.72225,0.25347,1.0,1.0,0.78077,0.73697,0.4933,0.40062,0.99994,0.99994,0.1549,0.17931,0.76862,0.49888,1.0,1.0,0.81754,0.76036,0.76502,0.7756,0.64414,0.64414,0.73273,0.77109,0.65492,0.55023,0.76029,0.76029,0.50165,0.7461,0.57535,0.50326,0.37307,0.37307,0.53895,0.52344,0.74213,0.59246,0.67188,0.67188,0.29979,0.31651,0.37459,0.45035,0.35472,0.35472,0.61771,0.15664,0.64321,0.54378,0.73429,0.73429,0.28307,0.20434,0.43031,0.32477,0.36234,0.36234,0.68999,0.55172,0.81578,0.48964,0.71687,0.71687,0.33701,0.26984,0.81005,0.6738,0.62434,0.62434,0.94583,0.46906,0.78678,0.59149,0.78594,0.78594,0.56005,0.27589,0.80252,0.91279,0.47846,0.47846
jumping,0.58018,0.90519,0.81072,0.49518,0.38703,0.38703,0.36239,0.16304,0.84671,0.88735,1.0,1.0,0.78855,0.81997,0.80269,0.43799,0.73635,0.73635,0.77946,0.42201,0.98954,0.92459,1.0,1.0,0.54143,0.3494,0.67463,0.23273,1.0,1.0,0.75712,0.82885,0.38993,0.39776,0.92282,0.92282,0.18058,0.14598,0.75622,0.47145,1.0,1.0,0.76844,0.68251,0.83316,0.93852,0.65793,0.65793,0.70935,0.74472,0.60087,0.51532,0.72407,0.72407,0.64734,0.83532,0.59197,0.48908,0.43934,0.43934,0.71413,0.63121,0.73321,0.53505,0.67684,0.67684,0.69949,0.87385,0.39102,0.55659,0.30405,0.30405,0.56382,0.16752,0.55991,0.53028,0.39828,0.39828,0.34933,0.18497,0.36221,0.35203,0.3201,0.3201,0.64793,0.62432,0.74987,0.45867,0.71687,0.71687,0.41157,0.49603,0.89865,0.74681,0.78228,0.78228,0.37831,0.43827,0.87625,0.7174,0.77282,0.77282,0.28534,0.28328,0.82169,0.79067,0.47846,0.47846
jumping,0.80344,0.93875,0.66538,0.50563,0.41978,0.41978,0.28664,0.16784,0.86472,0.87252,1.0,1.0,0.83697,0.92237,0.74252,0.45222,0.48549,0.48549,0.80274,0.44408,0.9951,0.92693,1.0,1.0,0.49018,0.3062,0.59858,0.16022,1.0,1.0,0.73803,0.85062,0.29619,0.37388,0.38478,0.38478,0.1945,0.0717,0.75325,0.48356,1.0,1.0,0.82771,0.45788,0.78587,0.88034,0.65793,0.65793,0.73419,0.71882,0.59818,0.51897,0.72407,0.72407,0.70647,0.8011,0.5928,0.50064,0.43934,0.43934,0.5064,0.55703,0.77953,0.56149,0.67684,0.67684,0.59588,0.63761,0.41442,0.60269,0.29011,0.29011,0.32046,0.32586,0.53942,0.4676,0.4055,0.4055,0.51075,0.2814,0.31239,0.33609,0.27362,0.27362,0.74148,0.99955,0.75448,0.55717,0.59765,0.59765,0.66234,0.61825,0.91979,0.70899,0.78228,0.78228,0.11464,0.40863,0.83937,0.68068,0.77282,0.77282,0.26895,0.37056,0.85884,0.7289,0.54505,0.54505
jumping,0.95502,1.0,0.66064,0.37718,0.41978,0.41978,0.1836,0.16905,0.8787,0.87931,1.0,1.0,0.83916,0.96333,0.78563,0.44824,0.8447,0.8447,0.7843,0.42442,0.98335,0.87005,1.0,1.0,0.40127,0.27119,0.49316,0.17314,0.92288,0.92288,0.71039,0.59306,0.40176,0.44973,0.74901,0.74901,0.11453,0.10548,0.75638,0.43703,1.0,1.0,0.89893,0.41229,0.92071,0.98484,1.0,1.0,0.64108,0.70564,0.64535,0.44924,0.64111,0.64111,0.65487,0.8286,0.61811,0.53779,0.46798,0.46798,0.65853,0.69909,0.80366,0.63467,0.84816,0.84816,0.32531,0.3383,0.41191,0.50192,0.23833,0.23833,0.18381,0.29791,0.5394,0.49987,0.4581,0.4581,0.67054,0.29502,0.36062,0.31994,0.36443,0.36443,0.71544,0.96824,0.83775,0.58506,0.59765,0.59765,0.62999,0.55238,0.88382,0.60506,0.66719,0.66719,0.19627,0.51856,0.81576,0.6311,0.98561,0.98561,0.42534,0.29512,0.8884,0.68325,0.65965,0.65965
jumping,0.82458,0.90343,0.69999,0.461,0.37381,0.37381,0.14123,0.09707,0.87414,0.83035,1.0,1.0,0.89134,0.92703,0.78965,0.49703,0.8447,0.8447,0.76772,0.41007,0.99052,0.85383,1.0,1.0,0.31826,0.24792,0.42225,0.17856,0.79252,0.79252,0.62603,0.52618,0.4923,0.56519,0.90737,0.90737,0.01348,0.0129,0.73871,0.43316,1.0,1.0,0.7852,0.39978,0.97435,0.92582,1.0,1.0,0.53406,0.76397,0.72672,0.42988,0.75744,0.75744,0.57646,0.8842,0.68969,0.65896,0.4813,0.4813,0.70218,0.71309,0.77446,0.57064,0.84816,0.84816,0.33677,0.47248,0.39977,0.4477,0.237,0.237,0.37722,0.36214,0.57253,0.51658,0.4581,0.4581,0.66634,0.43295,0.496,0.38624,0.38489,0.38489,0.5052,0.57985,0.8386,0.49306,0.69386,0.69386,0.4473,0.3881,0.85842,0.76296,0.66719,0.66719,0.51856,0.57554,0.90907,0.65855,0.98561,0.98561,0.45633,0.40163,0.87607,0.72057,0.65965,0.65965
jumping,0.58059,0.84494,0.83019,0.46595,0.3984,0.3984,0.20456,0.0787,0.88608,0.91307,1.0,1.0,0.91617,0.88798,0.81406,0.52431,0.80509,0.80509,0.75954,0.40877,0.99448,1.0,1.0,1.0,0.24704,0.23514,0.40168,0.18942,0.65607,0.65607,0.61388,0.62074,0.52048,0.54598,0.97416,0.97416,0.04145,0.04886,0.83064,0.61287,1.0,1.0,0.86955,0.65833,0.77607,0.83089,0.67317,0.67317,0.22404,0.71392,0.82489,0.57962,0.75744,0.75744,0.65074,1.0,0.71549,0.66538,0.4813,0.4813,0.47039,0.60952,0.85618,0.67214,0.82629,0.82629,0.48096,0.61239,0.46493,0.50694,0.59372,0.59372,0.38118,0.42083,0.56423,0.51009,0.40567,0.40567,0.50289,0.64261,0.56436,0.48523,0.38489,0.38489,0.57526,0.62296,0.75009,0.44317,0.69386,0.69386,0.0,0.0,0.8028,0.70135,0.39377,0.39377,0.54348,0.51597,0.98975,0.73808,0.81467,0.81467,0.59938,0.5429,0.93388,0.87053,0.62322,0.62322
jumping,0.51664,0.84043,0.84546,0.4752,0.39855,0.39855,0.30462,0.1808,0.89505,0.97013,1.0,1.0,0.76699,0.8293,0.94276,0.55393,0.85284,0.85284,0.74424,0.41963,0.95548,0.79279,1.0,1.0,0.17223,0.18887,0.36193,0.20098,0.40105,0.40105,0.72853,0.64888,0.48915,0.46699,0.97416,0.97416,0.07346,0.12911,0.92892,0.8282,1.0,1.0,0.70044,0.73506,0.75441,0.9538,0.58729,0.58729,0.29524,0.64158,0.8748,0.65293,0.59008,0.59008,0.6167,0.84723,0.71581,0.66708,0.46038,0.46038,0.51966,0.54024,0.90783,0.78708,0.89743,0.89743,0.69567,0.65367,0.46909,0.59412,0.59372,0.59372,0.40693,0.47034,0.52557,0.42613,0.4482,0.4482,0.70582,0.60047,0.5023,0.44886,0.34805,0.34805,0.54884,0.70417,0.65475,0.52476,0.52156,0.52156,0.1331,0.17302,0.75986,0.58102,0.38384,0.38384,0.43172,0.47367,0.89232,0.75251,0.79833,0.79833,0.72881,0.88683,0.85478,0.94445,0.62322,0.62322
jumping,0.61504,0.75701,0.72016,0.54424,0.52062,0.52062,0.30506,0.18466,0.93079,0.97708,1.0,1.0,0.55052,0.76643,1.0,0.71665,0.85284,0.85284,0.74632,0.41941,0.94688,0.82938,1.0,1.0,0.12642,0.14566,0.37305,0.20323,0.35014,0.35014,0.79593,0.62688,0.41295,0.49096,0.8275,0.8275,0.11111,0.13947,0.97396,0.93973,1.0,1.0,0.50462,0.42285,0.71034,0.9464,0.42669,0.42669,0.46778,0.56925,0.8479,0.80283,0.51227,0.51227,0.6231,0.75252,0.80641,0.70711,0.8961,0.8961,0.15003,0.10847,0.87238,0.73837,0.89743,0.89743,0.72408,0.62844,0.45753,0.4307,0.79642,0.79642,0.72342,0.54716,0.4946,0.37804,0.4482,0.4482,0.58797,0.48616,0.46426,0.45522,0.34805,0.34805,0.26776,0.43829,0.63982,0.50689,0.50316,0.50316,0.59311,0.55079,0.753,0.65915,0.51646,0.51646,0.90759,0.72863,0.76194,0.77564,0.67288,0.67288,0.44179,0.89571,0.66177,0.92721,0.38294,0.38294
jumping,0.92479,0.88039,0.7411,0.54053,0.55784,0.55784,0.07251,0.0,0.9634,0.82082,1.0,1.0,0.69673,0.77481,0.84164,0.73477,0.78415,0.78415,0.76029,0.42025,0.96613,0.85684,1.0,1.0,0.10033,0.14882,0.41977,0.24788,0.30415,0.30415,0.75104,0.65937,0.36851,0.47401,0.41629,0.41629,0.07054,0.17112,0.98082,0.87592,1.0,1.0,0.65481,0.52794,0.63481,0.67176,0.64444,0.64444,0.29324,0.45782,0.77785,0.84367,0.39416,0.39416,0.72617,0.37397,0.82062,0.56343,0.8961,0.8961,0.17429,0.25192,0.78576,0.56403,0.67243,0.67243,0.71252,0.96101,0.67947,0.55216,0.79642,0.79642,0.51855,0.51963,0.48868,0.40604,0.3897,0.3897,0.45694,0.42231,0.46233,0.51475,0.32355,0.32355,0.37017,0.77495,0.67188,0.49393,0.50316,0.50316,0.46966,0.3,0.73955,0.60055,0.51646,0.51646,0.50443,0.50417,0.8396,0.84203,0.67288,0.67288,0.11157,0.36243,0.67412,0.88071,0.47169,0.47169
jumping,0.76135,0.83993,0.85433,0.60948,0.58742,0.58742,0.08695,0.08944,0.95907,0.87442,1.0,1.0,0.81163,0.76938,0.61305,0.63294,0.7062,0.7062,0.76144,0.44086,0.96323,0.84256,1.0,1.0,0.06839,0.13445,0.49425,0.26952,0.30012,0.30012,0.72365,0.64932,0.43494,0.51093,0.65826,0.65826,0.19876,0.22887,0.97842,0.90846,1.0,1.0,0.91725,0.76175,0.67544,0.67772,0.65884,0.65884,0.36225,0.78416,0.85986,0.89612,0.42826,0.42826,0.71241,0.36603,0.72128,0.39535,0.84046,0.84046,0.8316,0.58432,0.79304,0.45393,0.88162,0.88162,0.55654,0.75917,0.76691,0.73921,0.65988,0.65988,0.36167,0.51195,0.50924,0.51274,0.44722,0.44722,0.47234,0.41507,0.48135,0.48611,0.2588,0.2588,0.56203,0.78766,0.7447,0.54128,0.49979,0.49979,0.4723,0.32143,0.76861,0.57588,0.54275,0.54275,0.25684,0.55626,0.87116,0.91588,0.57502,0.57502,0.60394,0.63757,0.71625,0.93399,0.47169,0.47169
jumping,0.669,0.7361,0.86947,0.56713,0.92103,0.92103,0.13175,0.18708,0.98051,0.9063,1.0,1.0,0.70402,0.58316,0.64582,0.73702,0.73624,0.73624,0.77527,0.47492,0.9945,0.85371,1.0,1.0,0.03278,0.10101,0.56185,0.29677,0.42592,0.42592,0.46801,0.3969,0.68555,0.63612,1.0,1.0,0.16159,0.4339,1.0,0.96562,1.0,1.0,0.81121,0.74479,0.57272,0.67838,0.65884,0.65884,0.36227,0.9328,0.96548,0.96871,0.46501,0.46501,0.56109,0.48274,0.7831,0.49776,0.69156,0.69156,0.53611,0.39608,0.85552,0.58023,0.88162,0.88162,0.0,0.27408,0.69078,0.77763,0.65988,0.65988,0.0,0.34507,0.68321,0.50172,0.85919,0.85919,0.51836,0.77395,0.61127,0.5529,0.72385,0.72385,0.45847,0.50318,0.91079,0.78167,0.43353,0.43353,0.51314,0.52063,0.7582,0.51941,0.54275,0.54275,0.51122,1.0,0.88134,0.98446,0.56328,0.56328,0.74236,1.0,0.66142,0.93456,0.37334,0.37334
jumping,0.63554,0.78632,0.85824,0.61242,0.92103,0.92103,0.0,0.10373,0.9794,0.79001,1.0,1.0,0.67179,0.56268,0.73993,0.89833,0.86677,0.86677,0.69938,0.41074,1.0,0.71482,1.0,1.0,0.067,0.17686,0.59043,0.26333,0.63576,0.63576,0.34436,0.26147,0.91021,0.66436,1.0,1.0,0.0,0.09358,0.97051,0.8382,1.0,1.0,0.55759,0.66694,0.42385,0.59132,0.42633,0.42633,0.37779,0.78077,0.94362,0.77648,0.65889,0.65889,0.50652,0.43507,0.89377,0.55973,1.0,1.0,0.4394,0.43877,0.75665,0.48093,0.6818,0.6818,0.14122,0.4117,0.60026,0.68203,0.48794,0.48794,0.08829,0.12463,0.92114,0.64721,0.92994,0.92994,1.0,0.84504,0.85887,0.69123,0.81159,0.81159,0.2176,0.18285,0.86888,0.74188,0.43353,0.43353,0.56461,0.48333,0.64408,0.41523,0.7556,0.7556,0.21897,0.66417,0.86449,1.0,0.64453,0.64453,0.35271,0.71302,0.59315,0.81442,0.347,0.347
jumping,0.45879,0.77981,0.88645,0.78506,0.55643,0.55643,0.08164,0.12338,1.0,0.98699,1.0,1.0,0.7194,0.64793,0.7232,0.81237,0.86677,0.86677,0.6512,0.37687,0.95432,0.4114,1.0,1.0,0.10901,0.17699,0.57209,0.2327,0.63576,0.63576,0.55273,0.31305,0.94851,0.71512,1.0,1.0,0.05093,0.18139,0.96184,0.86431,1.0,1.0,0.63565,0.63887,0.4711,0.65949,0.42633,0.42633,0.52857,0.73434,0.86793,0.76185,0.72826,0.72826,0.58144,0.48549,0.94281,0.55968,1.0,1.0,0.51771,0.54864,0.7249,0.52502,0.6818,0.6818,0.7489,1.0,0.58847,0.61037,0.38748,0.38748,0.79853,0.11289,0.96783,0.76963,0.92994,0.92994,0.70231,0.79438,0.95326,0.75191,0.81159,0.81159,0.29713,0.43149,0.80271,0.61637,0.49148,0.49148,0.4354,0.33413,0.73999,0.55923,0.76475,0.76475,0.47777,0.71511,0.80843,0.89054,0.64453,0.64453,0.57923,0.74926,0.57482,0.867,0.347,0.347
jumping,0.72794,0.81789,0.83634,0.75123,0.70521,0.70521,0.03136,0.10395,0.96364,0.88374,1.0,1.0,0.80058,0.74205,0.73374,0.72545,1.0,1.0,0.69695,0.43073,0.96324,0.68089,1.0,1.0,0.09832,0.13602,0.52125,0.24848,0.38989,0.38989,0.49338,0.0,0.97765,0.84353,1.0,1.0,0.02746,0.15262,0.95249,0.84383,1.0,1.0,0.45871,0.53294,0.42586,0.69925,0.33644,0.33644,0.611,0.84121,0.87954,0.84805,0.72826,0.72826,0.64832,0.62023,0.94571,0.52757,0.93443,0.93443,0.47357,0.62351,0.75136,0.59478,0.83327,0.83327,0.61152,0.82225,0.58586,0.64362,0.42686,0.42686,0.3722,0.23431,0.99542,0.60524,0.98844,0.98844,0.71455,0.91635,0.94003,0.81942,0.8708,0.8708,0.45339,0.44465,0.88743,0.66116,0.62546,0.62546,0.50423,0.40635,0.73114,0.64588,0.76475,0.76475,0.55174,0.83799,0.73339,0.78819,0.56911,0.56911,0.4079,0.77145,0.54457,0.57329,0.3097,0.3097
jumping,0.50387,0.73985,0.83606,0.65895,0.70521,0.70521,0.13489,0.16561,0.93479,0.93408,1.0,1.0,0.63124,0.73462,0.87051,0.73561,1.0,1.0,0.68374,0.45857,0.94264,0.56323,1.0,1.0,0.10365,0.16182,0.50105,0.26003,0.40566,0.40566,0.45186,0.0901,0.93175,0.84056,1.0,1.0,0.07476,0.16448,0.98265,0.99604,1.0,1.0,0.54813,0.53433,0.50146,0.65317,0.60936,0.60936,0.32673,0.91436,0.95368,0.84816,0.6006,0.6006,0.67483,0.67705,0.90864,0.59848,0.79208,0.79208,0.68983,0.58642,0.81818,0.52656,0.89136,0.89136,0.51777,0.63532,0.61784,0.60313,0.50122,0.50122,0.2399,0.38114,0.95956,0.82496,0.98844,0.98844,0.79555,0.96083,0.93811,1.0,0.95105,0.95105,0.35199,0.31579,0.93081,0.50804,0.863,0.863,0.53027,0.6746,0.68413,0.56136,0.58267,0.58267,0.54258,0.7882,0.89712,0.86217,0.68082,0.68082,0.42326,0.56879,0.70178,0.81428,0.58838,0.58838
jumping,0.65736,0.80235,0.7922,0.6789,0.61427,0.61427,0.09209,0.11616,0.94274,0.91107,1.0,1.0,0.6524,0.67518,0.81963,0.71134,0.72027,0.72027,0.72622,0.45264,0.97964,0.75632,1.0,1.0,0.07681,0.13258,0.54298,0.28656,0.56348,0.56348,0.62838,0.44513,0.85824,0.81457,1.0,1.0,0.01073,0.10715,0.96822,0.83333,1.0,1.0,0.71998,0.62469,0.56051,0.69282,0.60936,0.60936,0.27584,0.70074,0.88421,0.70818,0.46448,0.46448,0.77072,0.63642,0.85565,0.58512,0.79208,0.79208,0.733,0.56613,0.82125,0.53053,0.89136,0.89136,0.37408,0.4289,0.69417,0.79566,0.50122,0.50122,0.32762,0.24328,0.90394,0.88212,0.75884,0.75884,0.0,0.5249,0.94975,0.91515,0.95105,0.95105,0.54283,0.60345,0.91352,0.45261,0.863,0.863,0.38729,0.5381,0.80457,0.70273,0.6259,0.6259,0.42858,0.66331,0.97001,0.95666,0.77834,0.77834,0.53075,0.43935,0.75933,0.84876,0.58838,0.58838
jumping,0.68206,0.83818,0.83556,0.70087,0.72623,0.72623,0.08103,0.0553,0.92953,0.86538,1.0,1.0,0.57144,0.56839,0.78607,0.71636,0.72027,0.72027,0.70255,0.40646,0.97021,0.6258,1.0,1.0,0.08588,0.15135,0.53998,0.26469,0.56348,0.56348,0.55178,0.44803,0.87318,0.81385,1.0,1.0,0.11193,0.16857,0.94122,0.81528,1.0,1.0,0.70099,0.65193,0.49699,0.63771,0.54092,0.54092,0.71909,0.95916,0.87871,0.77819,0.67759,0.67759,0.72848,0.63275,0.88827,0.58255,0.77057,0.77057,0.65901,0.76067,0.90683,0.55654,0.95386,0.95386,0.49443,0.44725,0.69073,0.84338,0.8586,0.8586,0.41768,0.24499,0.91174,0.84564,0.75884,0.75884,0.56813,0.74564,1.0,0.93034,0.74718,0.74718,0.45028,0.46733,0.79423,0.37193,0.70691,0.70691,0.5996,0.95873,0.87773,0.74305,0.6259,0.6259,0.18844,0.66331,0.88455,0.84757,0.77834,0.77834,0.31921,0.54734,0.7255,0.75505,0.46787,0.46787
jumping,0.64032,0.89604,0.9283,0.73885,0.72623,0.72623,0.09485,0.09896,0.94937,0.83363,1.0,1.0,0.53241,0.56906,0.83518,0.81591,0.92205,0.92205,0.70409,0.39397,0.9766,0.69484,1.0,1.0,0.09789,0.19632,0.54889,0.22134,0.49204,0.49204,0.58382,0.46344,0.84681,0.7993,1.0,1.0,0.12149,0.21497,0.95633,0.87658,1.0,1.0,0.52026,0.57214,0.42367,0.79696,0.32654,0.32654,0.79656,1.0,0.89158,0.85987,0.67759,0.67759,0.46151,0.53071,0.90907,0.60089,0.77057,0.77057,0.49024,0.6802,1.0,0.58298,0.95386,0.95386,0.33187,0.41284,0.7253,0.69415,1.0,1.0,0.46651,0.35233,0.94452,0.91769,0.74728,0.74728,0.90948,0.80396,0.93007,0.69679,0.74718,0.74718,0.35778,0.26815,0.79159,0.35478,0.70691,0.70691,0.38032,0.64048,0.82014,0.64463,0.56164,0.56164,0.268,0.73266,0.8089,0.84398,0.60391,0.60391,0.54047,0.82249,0.66806,0.84014,0.45273,0.45273
jumping,0.62653,0.86786,0.93001,0.61858,0.65481,0.65481,0.01941,0.10539,0.93772,0.66553,1.0,1.0,0.682,0.67756,0.76315,0.63671,0.92205,0.92205,0.69562,0.39692,0.97878,0.71753,1.0,1.0,0.09435,0.19667,0.5456,0.21198,0.49204,0.49204,0.74338,0.50408,0.85439,0.86131,1.0,1.0,0.1311,0.17755,0.95737,1.0,1.0,1.0,0.40739,0.45455,0.42407,0.69679,0.41449,0.41449,0.41132,0.79979,0.92603,0.79136,0.85308,0.85308,0.5927,0.51207,0.80197,0.41786,0.7701,0.7701,0.74491,0.57733,0.92985,0.60613,0.74522,0.74522,0.12691,0.42317,0.71641,0.70154,1.0,1.0,0.38431,0.04545,0.98283,0.96465,0.74728,0.74728,0.81032,0.94083,0.86222,0.78169,0.64413,0.64413,0.33429,0.15109,0.76037,0.4422,0.65726,0.65726,0.30715,0.36508,0.74982,0.6708,0.56164,0.56164,0.16486,0.48317,0.85059,0.89262,0.75544,0.75544,0.56537,0.72781,0.59285,0.75364,0.45273,0.45273
jumping,0.50999,0.69339,0.92473,0.66027,0.61639,0.61639,0.11969,0.33364,0.95252,0.90075,1.0,1.0,0.67585,0.63441,0.7281,0.69434,0.73701,0.73701,0.67836,0.42323,0.94771,0.50408,1.0,1.0,0.11787,0.18517,0.53455,0.23455,0.83586,0.83586,0.62116,0.46913,0.90478,0.9707,1.0,1.0,0.09792,0.13091,0.94084,0.95494,1.0,1.0,0.54801,0.6814,0.45671,0.62122,0.41449,0.41449,0.23604,0.64905,0.97528,0.87875,0.92254,0.92254,0.66534,0.53804,0.83972,0.41195,0.78261,0.78261,0.45345,0.54304,0.93418,0.69683,0.74522,0.74522,0.6187,0.92431,0.85871,0.7664,0.91834,0.91834,0.64537,0.33632,0.88921,0.80093,0.65615,0.65615,0.70369,0.96041,0.93836,0.87096,0.70538,0.70538,0.17118,0.2922,0.85084,0.53261,0.82653,0.82653,0.68072,0.60079,0.67933,0.63624,0.5813,0.5813,0.33808,0.56662,0.92462,0.91551,0.75544,0.75544,0.49032,0.51405,0.648,0.77484,0.53274,0.53274
jumping,0.77704,0.83191,0.85937,0.64193,0.61639,0.61639,0.121,0.31731,0.93635,0.89994,1.0,1.0,0.47803,0.47152,0.83056,0.81072,0.73701,0.73701,0.68922,0.40752,0.97631,0.60197,1.0,1.0,0.11927,0.1619,0.53312,0.26607,0.83586,0.83586,0.71399,0.34699,0.93076,0.91102,1.0,1.0,0.07417,0.12661,0.93717,0.8964,1.0,1.0,0.62781,0.84821,0.49787,0.7753,0.31599,0.31599,0.19091,0.6725,1.0,0.93826,0.93407,0.93407,0.68077,0.69325,0.90994,0.70407,0.78261,0.78261,0.57292,0.94822,0.9618,0.70685,0.62849,0.62849,0.34536,0.37385,0.86356,0.83673,0.91834,0.91834,0.44213,0.32309,0.92918,0.89486,0.76463,0.76463,0.41626,1.0,0.99269,0.98774,0.75209,0.75209,0.4073,0.20826,0.97729,0.45487,0.91265,0.91265,0.3865,0.50397,0.69413,0.61545,0.5813,0.5813,0.63929,0.77496,0.97809,0.93125,0.95113,0.95113,0.36021,0.50814,0.75454,0.99647,0.53274,0.53274
jumping,0.52454,0.78019,0.87137,0.73479,0.89599,0.89599,0.16429,0.27686,0.91689,0.97224,1.0,1.0,0.39194,0.46075,0.86676,0.91336,0.73128,0.73128,0.65424,0.37779,0.95159,0.48519,1.0,1.0,0.10615,0.17012,0.55353,0.26941,0.59014,0.59014,0.78754,0.46991,0.83129,0.79424,1.0,1.0,0.0564,0.19785,0.9634,0.89924,1.0,1.0,0.62597,0.72255,0.42036,0.71652,0.28583,0.28583,0.31984,0.66177,0.97613,1.0,0.93407,0.93407,0.52411,0.63184,0.91996,0.77915,0.76367,0.76367,0.75941,0.95381,0.98219,0.88439,0.62849,0.62849,0.19297,0.28784,0.91337,0.94326,0.7869,0.7869,0.61593,0.30324,0.94807,0.94046,0.76463,0.76463,0.75207,0.92869,0.85247,0.83619,0.75209,0.75209,0.37293,0.0,0.99381,0.4343,0.91265,0.91265,0.37312,0.55952,0.73241,0.56724,0.36261,0.36261,0.64285,0.75827,0.91282,0.97983,0.95113,0.95113,0.50027,0.7071,0.69432,0.75194,0.4307,0.4307
jumping,0.43437,0.72282,0.93959,0.83125,1.0,1.0,0.08948,0.13261,0.91479,0.80817,1.0,1.0,0.50826,0.5301,0.856,0.93968,0.83119,0.83119,0.69995,0.43664,0.99452,0.67211,1.0,1.0,0.1072,0.17284,0.57799,0.2096,0.77455,0.77455,0.87309,0.62912,0.79074,0.81354,1.0,1.0,0.06638,0.26917,0.94152,0.80938,1.0,1.0,0.56823,0.64192,0.42878,0.64354,0.49325,0.49325,0.50561,0.62151,0.88097,0.853,0.822,0.822,0.59462,0.7125,0.92033,0.60912,0.81966,0.81966,0.23464,0.56683,0.96405,0.74245,0.51397,0.51397,0.52683,0.93119,1.0,0.8487,0.815,0.815,0.5299,0.59176,0.93407,0.87689,0.79056,0.79056,0.39323,0.51192,0.78851,0.64791,0.56519,0.56519,0.42885,0.19555,0.92251,0.3937,0.80751,0.80751,0.86372,0.84286,0.67151,0.41485,0.74859,0.74859,0.63482,0.71396,0.92282,0.942,0.87996,0.87996,0.34097,0.52293,0.57678,0.5959,0.387,0.387
jumping,0.45294,0.69376,1.0,0.90858,1.0,1.0,0.05439,0.04056,0.93875,0.8777,1.0,1.0,0.50719,0.50762,0.83791,1.0,0.83119,0.83119,0.70277,0.43545,0.97374,0.69245,1.0,1.0,0.12732,0.15213,0.50494,0.21693,0.77455,0.77455,0.95712,0.67724,0.83421,0.85556,1.0,1.0,0.13372,0.24795,0.92989,0.83529,1.0,1.0,0.6787,0.64693,0.54033,0.62098,0.57988,0.57988,0.40448,0.39494,0.83069,0.69022,0.822,0.822,0.70804,0.71616,0.88548,0.47418,0.81966,0.81966,0.33394,0.662,0.97223,0.59654,0.79798,0.79798,0.71838,0.84977,0.99154,1.0,0.85484,0.85484,0.48216,0.52582,1.0,0.94215,1.0,1.0,0.53303,0.55151,0.88498,0.71476,0.57695,0.57695,0.32533,0.23412,0.8011,0.41085,0.80374,0.80374,0.59803,0.65,0.61685,0.51603,0.74859,0.74859,0.76171,0.72115,0.99397,0.97395,0.87996,0.87996,0.3555,0.59763,0.5375,0.82375,0.387,0.387
jumping,0.5432,0.7624,0.96066,0.88402,0.82939,0.82939,0.06596,0.07942,0.93724,0.93446,1.0,1.0,0.61901,0.6286,0.83119,0.82475,0.70779,0.70779,0.72997,0.4375,0.9632,0.67678,1.0,1.0,0.10359,0.13849,0.5417,0.2661,0.70667,0.70667,0.87489,0.52529,0.85468,0.99702,1.0,1.0,0.12022,0.17116,0.93031,0.92524,1.0,1.0,0.68669,0.65666,0.48315,0.51835,0.57988,0.57988,0.41015,0.62455,0.78548,0.70142,0.86857,0.86857,0.67222,0.72472,0.89724,0.61513,0.7424,0.7424,0.96753,1.0,0.91193,0.60987,0.79798,0.79798,0.16701,0.0,0.9634,0.90972,0.85484,0.85484,0.58984,0.43982,0.9606,0.93636,1.0,1.0,0.70574,0.82993,0.88828,0.76415,0.68389,0.68389,0.43893,0.40517,0.87573,0.5617,0.80374,0.80374,0.29206,0.4127,0.52538,0.40546,0.44129,0.44129,0.73669,0.61295,0.95767,0.89524,0.74938,0.74938,0.50145,0.58358,0.51138,0.85145,0.32804,0.32804
jumping,0.44655,0.75013,0.95922,0.86093,0.76169,0.76169,0.11871,0.08188,0.93405,0.97957,1.0,1.0,0.66322,0.66127,0.88327,0.73662,0.86528,0.86528,0.71775,0.46561,0.961,0.61788,1.0,1.0,0.10325,0.1743,0.54809,0.2081,0.59219,0.59219,0.76286,0.24729,0.90311,0.98665,1.0,1.0,0.14134,0.25676,0.90834,0.81943,1.0,1.0,0.64362,0.74507,0.41804,0.52076,0.55279,0.55279,0.45086,0.69677,0.7679,0.65967,0.86857,0.86857,0.45633,0.77269,1.0,0.93464,0.68595,0.68595,0.59127,0.46676,0.92756,0.79844,0.96287,0.96287,0.17453,0.33142,0.85926,0.80925,0.71078,0.71078,0.09718,0.25886,0.91329,0.99517,0.65346,0.65346,0.72618,0.88612,0.87191,0.85997,0.89452,0.89452,0.33917,0.4274,0.85386,0.50679,0.58879,0.58879,0.52467,0.40952,0.58284,0.39181,0.44129,0.44129,0.62108,0.57842,0.91665,0.83569,0.86086,0.86086,0.31966,0.51479,0.58817,0.853,0.42713,0.42713
jumping,0.41213,0.73923,0.92208,0.93113,0.95503,0.95503,0.14998,0.14546,0.90515,0.91487,1.0,1.0,0.62542,0.6587,0.85593,0.77419,0.86528,0.86528,0.70038,0.45319,0.95376,0.62977,1.0,1.0,0.09346,0.15354,0.54671,0.24325,0.59219,0.59219,0.58172,0.45317,1.0,1.0,1.0,1.0,0.12608,0.16878,0.89968,0.78179,1.0,1.0,0.89496,1.0,0.54931,0.56028,0.55279,0.55279,0.34845,0.64427,0.77952,0.63935,0.81364,0.81364,0.53488,0.86893,0.99615,1.0,0.71587,0.71587,0.16022,0.22183,0.92869,0.78521,0.96287,0.96287,0.55863,0.77064,0.86362,0.70168,0.71587,0.71587,0.12595,0.26931,0.93875,1.0,0.88764,0.88764,0.70166,0.95509,0.99041,0.90939,0.89452,0.89452,0.18533,0.11978,0.91863,0.41812,1.0,1.0,0.68723,0.40714,0.67146,0.53969,0.63525,0.63525,0.38223,0.54964,0.96618,0.88819,0.86086,0.86086,0.36786,0.68565,0.63699,0.86488,0.42713,0.42713
jumping,0.21166,0.78707,0.94255,1.0,0.95503,0.95503,0.23339,0.14546,0.88495,0.90798,1.0,1.0,0.58954,0.73071,0.8585,0.61059,0.80074,0.80074,0.70364,0.45078,0.95907,0.69662,1.0,1.0,0.09702,0.12633,0.53522,0.26065,0.5395,0.5395,0.57444,0.48454,0.89719,0.90802,1.0,1.0,0.14115,0.13955,0.89868,0.79585,1.0,1.0,0.86174,0.83458,0.571,0.63494,0.50869,0.50869,0.38542,0.61661,0.82164,0.68111,1.0,1.0,0.57312,0.81668,0.88118,0.85792,0.71587,0.71587,0.48689,0.73968,0.82595,0.84693,0.87463,0.87463,0.41699,0.67775,0.87865,0.65691,0.71587,0.71587,1.0,0.53457,0.85807,0.8431,0.88764,0.88764,0.54043,0.93742,0.99337,0.8661,0.66221,0.66221,0.19848,0.18875,0.87707,0.34915,1.0,1.0,0.37379,0.19683,0.66154,0.63724,0.63525,0.63525,0.55312,0.47827,0.9795,0.83539,0.81943,0.81943,0.40892,0.74408,0.58719,0.79576,0.41347,0.41347
jumping,0.14574,0.82189,0.9751,0.99107,0.7632,0.7632,0.18822,0.09295,0.88844,0.84366,1.0,1.0,0.61562,0.77843,0.82942,0.59605,0.69233,0.69233,0.75048,0.47799,0.96195,0.75417,1.0,1.0,0.10855,0.1492,0.48975,0.2497,0.57022,0.57022,0.77423,0.38484,0.81174,0.95268,1.0,1.0,0.14224,0.26019,0.89325,0.79008,1.0,1.0,0.81133,0.61662,0.66317,0.81061,0.80494,0.80494,0.53347,0.6291,0.82527,0.62392,1.0,1.0,0.61396,0.88543,0.86761,0.92919,0.61863,0.61863,0.72805,0.95031,0.80792,0.96121,0.97721,0.97721,0.36176,0.64908,0.85052,0.54758,0.7703,0.7703,0.5926,0.55378,0.80174,0.82016,0.68306,0.68306,0.29432,0.67241,0.84972,0.75617,0.80104,0.80104,0.34601,0.18875,0.82762,0.48309,0.76494,0.76494,0.29083,0.17143,0.81005,0.68032,1.0,1.0,0.7447,0.51223,0.91104,0.81444,0.88476,0.88476,0.548,0.60947,0.57058,0.62615,0.41667,0.41667
jumping,0.0486,0.76891,0.99405,0.97501,0.69359,0.69359,0.20451,0.16353,0.91172,0.95738,1.0,1.0,0.61163,0.77434,0.83641,0.73437,0.77248,0.77248,0.7913,0.49052,0.98672,0.896,1.0,1.0,0.10629,0.13804,0.48626,0.22071,0.6791,0.6791,0.90996,0.39511,0.79918,0.89564,1.0,1.0,0.06761,0.0636,0.8841,0.75434,1.0,1.0,0.79329,0.66861,0.69983,0.70389,0.80494,0.80494,0.49161,0.52864,0.77003,0.58268,0.93875,0.93875,0.65154,0.96578,0.91977,0.9312,0.66877,0.66877,0.40437,0.87474,0.90202,0.96595,0.97721,0.97721,0.34109,0.67202,0.956,0.63106,0.97411,0.97411,0.18898,0.50619,0.7778,0.81609,0.73223,0.73223,0.4921,0.70136,0.71871,0.67648,0.80104,0.80104,0.45409,0.25998,0.88315,0.58414,0.76494,0.76494,0.42782,0.35,0.80911,0.60656,1.0,1.0,0.7521,0.69986,0.91719,0.8367,0.88476,0.88476,0.54324,0.56731,0.58776,0.65696,0.41667,0.41667
jumping,0.0,0.70529,0.98462,0.9856,0.69359,0.69359,0.21829,0.18251,0.92411,0.99156,1.0,1.0,0.62761,0.72404,0.82232,0.74727,0.77248,0.77248,0.81251,0.48143,0.98934,0.91006,1.0,1.0,0.09413,0.13655,0.51008,0.19863,0.6791,0.6791,0.79795,0.4612,0.71956,0.81298,0.99173,0.99173,0.24465,0.46672,0.81471,0.6037,1.0,1.0,0.6189,0.58048,0.49417,0.42708,0.57506,0.57506,0.62158,0.74682,0.71551,0.462,0.93875,0.93875,0.62816,0.95295,0.90958,0.8721,0.66877,0.66877,0.3456,0.70679,0.87619,0.89134,0.87298,0.87298,0.51509,0.71101,0.90307,0.64554,0.97411,0.97411,0.43743,0.5271,0.74887,0.83231,0.73223,0.73223,0.77509,0.71477,0.64812,0.64726,0.57335,0.57335,0.30217,0.33666,0.90351,0.59898,0.65513,0.65513,0.5646,0.50873,0.59231,0.40083,0.59221,0.59221,0.64601,0.29727,0.82412,0.60035,0.77213,0.77213,0.50084,0.66198,0.58598,0.7429,0.41667,0.41667
jumping,0.32913,0.77129,0.91876,0.78685,0.79519,0.79519,0.13675,0.07632,0.90594,0.97846,1.0,1.0,0.62724,0.72404,0.83451,0.79774,0.64938,0.64938,0.80392,0.4584,0.96557,0.84655,1.0,1.0,0.08514,0.16802,0.52243,0.24941,0.52253,0.52253,0.76304,0.66384,0.65903,0.85312,0.99173,0.99173,0.79394,0.98217,0.51525,0.07033,1.0,1.0,0.4444,0.38532,0.28822,0.23505,0.32,0.32,0.90671,0.76339,0.48131,0.115,0.64864,0.64864,0.62685,0.97311,0.94841,0.86917,0.59151,0.59151,0.41123,0.83975,0.91183,1.0,0.86029,0.86029,0.52583,0.69954,0.65148,0.42937,0.65413,0.65413,0.54013,0.61758,0.69778,0.75635,0.68334,0.68334,0.58072,0.65304,0.64026,0.67076,0.57335,0.57335,0.30861,0.30399,0.94723,0.79829,0.65513,0.65513,0.707,0.60952,0.44441,0.33371,0.54859,0.54859,0.4774,0.29468,0.5336,0.14716,0.77213,0.77213,0.54249,0.79068,0.42947,0.20382,0.41667,0.41667
jumping,0.12172,0.45516,0.88571,0.7049,0.79519,0.79519,0.40319,0.35,0.83751,0.72684,1.0,1.0,0.66556,0.80368,0.83747,0.62815,0.64938,0.64938,0.793,0.45462,0.95898,0.76294,1.0,1.0,0.08467,0.17571,0.51655,0.25215,0.65941,0.65941,0.87708,1.0,0.60775,0.86752,0.63559,0.63559,0.99935,1.0,0.01984,0.01193,0.11519,0.11519,0.18438,0.18766,0.05692,0.12983,0.03925,0.03925,0.97681,0.74554,0.03061,0.03133,0.03573,0.03573,0.50287,0.63672,0.82909,0.51359,0.59151,0.59151,0.50391,0.82225,0.87624,0.83172,0.86029,0.86029,0.39572,0.69037,0.79071,0.3555,0.65413,0.65413,0.47217,0.77828,0.6829,0.70545,0.45701,0.45701,0.44535,0.46296,0.61288,0.61931,0.40419,0.40419,0.21919,0.15109,0.86767,0.75094,0.45468,0.45468,0.39846,0.2754,0.2327,0.16592,0.18578,0.18578,0.5084,0.21899,0.04018,0.06096,0.0234,0.0234,0.68387,0.82914,0.06934,0.12565,0.05059,0.05059
jumping,0.05175,0.05048,0.55758,0.14615,0.49054,0.49054,0.78867,0.95267,0.49951,0.09007,1.0,1.0,0.70907,0.58097,0.4742,0.24088,0.60388,0.60388,0.78873,0.45136,0.95865,0.81948,1.0,1.0,0.07978,0.14526,0.49864,0.26256,0.65941,0.65941,0.94804,0.95244,0.68488,0.91697,0.65934,0.65934,0.98623,0.97482,0.05574,0.02654,0.33809,0.33809,0.13377,0.0759,0.24346,0.36169,0.15299,0.15299,0.94675,0.7607,0.04894,0.01558,0.02993,0.02993,0.69293,0.37702,0.37285,0.13309,0.43186,0.43186,0.84923,0.70119,0.45916,0.32246,0.57574,0.57574,0.36524,0.71445,0.63702,0.20198,0.6227,0.6227,0.45801,1.0,0.69363,0.69824,0.45701,0.45701,0.56419,0.63346,0.66336,0.66819,0.49898,0.49898,0.20004,0.20009,0.76142,0.59614,0.45468,0.45468,0.17228,0.2627,0.29051,0.24205,0.12522,0.12522,0.34187,0.16662,0.03145,0.03884,0.00951,0.00951,0.0,0.68787,0.24661,0.39237,0.07127,0.07127
jumping,0.12943,0.0,0.07655,0.06153,0.05236,0.05236,0.99813,0.97036,0.01257,0.01863,0.12246,0.12246,0.68645,0.57049,0.0,0.06659,0.17326,0.17326,0.77291,0.4542,0.9755,0.88565,1.0,1.0,0.09494,0.1365,0.43985,0.26268,0.46484,0.46484,0.89782,0.79926,0.71077,0.8213,0.95818,0.95818,0.96393,0.93611,0.12396,0.04391,0.54334,0.54334,0.30201,0.52822,0.30194,0.72964,0.18008,0.18008,0.30465,0.41839,0.22413,0.39678,0.09799,0.09799,0.58553,0.32753,0.03534,0.02276,0.14294,0.14294,0.28711,0.06438,0.28152,0.27584,0.05221,0.05221,0.63789,0.77523,0.08064,0.13534,0.07767,0.07767,0.6183,0.88263,0.68027,0.62791,0.58157,0.58157,0.52139,0.64049,0.67283,0.71037,0.49898,0.49898,0.38207,0.11933,0.74197,0.5143,0.51463,0.51463,0.52612,0.83889,0.90594,0.67105,0.73281,0.73281,0.0,0.0,0.08661,0.1006,0.05413,0.05413,0.18789,0.4571,0.36178,0.58064,0.2255,0.2255
jumping,0.28187,0.01866,0.18448,0.19925,0.14833,0.14833,1.0,0.97248,0.05171,0.02946,0.24581,0.24581,0.72538,0.63479,0.07032,0.08797,0.21462,0.21462,0.82727,0.71232,0.90266,0.7198,1.0,1.0,0.07042,0.13336,0.45129,0.21257,0.46484,0.46484,0.70061,0.61338,0.63164,0.59057,0.96759,0.96759,0.97024,0.96317,0.10681,0.01486,0.54334,0.54334,0.36173,0.36447,0.16551,0.20118,0.18008,0.18008,0.0,0.0,0.19307,0.32009,0.09799,0.09799,0.77453,0.43019,0.05932,0.01649,0.21166,0.21166,0.32957,0.0,0.46308,0.4341,0.24504,0.24504,0.16743,0.61697,0.38201,0.26581,0.21819,0.21819,0.57362,0.78276,0.65064,0.59856,0.58157,0.58157,0.1811,0.50277,0.59295,0.62408,0.44366,0.44366,0.4355,0.43784,0.8148,0.60023,0.51463,0.51463,1.0,1.0,0.83633,0.21963,0.73281,0.73281,0.53938,0.3836,0.10603,0.16431,0.05413,0.05413,1.0,0.89127,0.23707,0.15788,0.2255,0.2255
jumping,0.50812,0.32214,0.25552,0.43163,0.23564,0.23564,0.95365,0.92659,0.09704,0.07179,0.26579,0.26579,0.29733,0.21023,0.2111,0.52926,0.21462,0.21462,0.91392,0.99512,0.56504,0.11225,1.0,1.0,0.03718,0.01571,0.33377,0.10544,0.35756,0.35756,0.29517,0.4199,0.36828,0.14661,0.96759,0.96759,0.99168,0.98317,0.00448,0.00189,0.04063,0.04063,0.10158,0.08563,0.05517,0.09842,0.04145,0.04145,0.62091,0.58546,0.11663,0.1092,0.0054,0.0054,1.0,0.59364,0.0881,0.0334,0.21166,0.21166,0.87878,0.39398,0.67497,0.83491,0.36379,0.36379,0.55578,0.7695,0.5232,0.5659,0.40518,0.40518,0.6656,0.5781,0.38939,0.15998,0.34001,0.34001,0.48196,0.26862,0.36954,0.19108,0.40521,0.40521,0.36151,0.81352,0.59048,0.1693,0.32729,0.32729,0.85167,0.7381,0.10708,0.06561,0.17059,0.17059,1.0,0.40317,0.02335,0.03689,0.02831,0.02831,0.67685,0.76997,0.03595,0.05753,0.05847,0.05847
jumping,0.56658,0.22971,0.17397,0.06599,0.23564,0.23564,0.93307,0.92863,0.07274,0.02541,0.26579,0.26579,0.0,0.0,0.11296,0.32551,0.06142,0.06142,1.0,1.0,0.01697,0.00821,0.6038,0.6038,0.01202,0.00237,0.05789,0.02194,0.07648,0.07648,0.0,0.41766,0.04995,0.03488,0.05621,0.05621,0.99857,0.99336,0.00255,0.0,0.04063,0.04063,0.0,0.0,0.01888,0.05156,0.01268,0.01268,0.98097,0.7502,0.01289,0.01612,0.0054,0.0054,0.5083,0.18698,0.14043,0.12204,0.19343,0.19343,0.91919,0.49895,0.51091,0.16586,0.36379,0.36379,1.0,0.67775,0.30469,0.15219,0.40518,0.40518,0.39181,0.51899,0.08151,0.05166,0.12227,0.12227,0.59426,0.25202,0.06402,0.02413,0.08983,0.08983,0.57123,0.83984,0.06363,0.03189,0.04766,0.04766,0.44887,0.52143,0.0178,0.01377,0.02532,0.02532,0.57378,0.20288,0.0,0.00446,0.0,0.0,0.42122,0.62426,0.01323,0.00721,0.01403,0.01403
jumping,0.56162,0.21593,0.0,0.0,0.0,0.0,0.96118,0.94337,0.0,0.00806,0.0,0.0,0.109,0.18594,0.05983,0.19374,0.0,0.0,0.99805,0.99865,0.01077,0.00479,0.59704,0.59704,0.0,0.0,0.02677,0.02067,0.0,0.0,0.0027,0.41978,0.02866,0.03043,0.00541,0.00541,1.0,0.9944,0.0,0.00173,0.0,0.0,0.04408,0.0342,0.0,0.0,0.0,0.0,1.0,0.753,0.0,0.0,0.0,0.0,0.0,0.0,0.0,0.0,0.0,0.0,0.80481,0.48915,0.0,0.00276,0.0,0.0,0.47356,0.61009,0.0,0.04846,0.0,0.0,0.20913,0.5064,0.02953,0.03369,0.00716,0.00716,0.6637,0.26969,0.01378,0.01444,0.0104,0.0104,0.55835,0.85073,0.01909,0.01575,0.01332,0.01332,0.36859,0.45952,0.0,0.0,0.0,0.0,0.50618,0.12863,0.00042,0.0,0.0,0.0,0.31424,0.59689,0.0,0.0,0.0,0.0
